id,cefr_level,name,summary,explanation,original,translation,dictionary_id,created_at,updated_at
21,A1.1-A2.2,前置詞,名詞（代名詞）の前に置く品詞,"以下の文章は、「前置詞」の定義や特徴をより詳しく解説したものです。ぜひ参考にしてください。

---

## 前置詞（Prepositions）とは

前置詞とは、名詞や代名詞の直前に置いて、文中のほかの要素との関係を示す語のことです。主に「場所」「時間」「方向」「手段」「原因」など、多岐にわたる意味や役割を持ちます。英語の文をスムーズに理解・作成するためには、前置詞の使い方をイメージとともに覚えておくことが大切です。

### 例
- “in” 「～の中に（場所）」、「～（時間）に」
- “on” 「～の上に（場所）」、「～（曜日・特定の日）に」
- “at” 「～に（場所・一点の位置）」、「～（時刻）に」
- “by” 「～のそばに（場所）」、「～までに（期限）」
- “for” 「～のために（目的）」、 「～の間（期間）」
- “with” 「～と一緒に（同伴）」、「～を使って（手段）」

---

## なぜ前置詞が重要なのか

1. **文の意味関係を明確にする**  
   前置詞があるからこそ、「場所」「手段」「時間」「方向」などの文脈を正しく表現できます。例えば “I go to school.” と “I go from school.” では“to”と“from”の違いによって「行き先なのか、出発地なのか」が明確になります。

2. **使い分けによる意味の変化**  
   同じ動詞でも前置詞が変わると文全体の意味が大きく変わります。たとえば “look for” は「探す」、 “look after” は「世話をする」となり、前置詞の違いで動詞の意味が変わってしまいます。

3. **ネイティブの感覚を知る鍵**  
   一見すると使い分けが複雑に思える英語の前置詞ですが、それぞれに持つコアイメージを理解すると、ネイティブの感覚をつかみやすくなります。たとえば “in” は「包み込むイメージ」、「on” は「接触しているイメージ」、「at” は「一点に集中しているイメージ」などをもとに覚えると、文脈に合わせて選びやすくなります。

---

## 前置詞を学ぶコツ

1. **コアイメージをつかむ**  
   単に丸暗記するのではなく、「in は中にある」「on は上に接触している」「at は一点」など、前置詞固有のイメージを頭に入れて学ぶと、いろいろな場面で使いやすくなります。

2. **例文をたくさん読む・作る**  
   前置詞は単語帳で覚えるだけではなく、例文で具体的に使われているところを見ることも大切です。自分でも例文を作ると理解が深まり、自然に使えるようになります。

3. **シチュエーションに応じて使い分ける**  
   例えば「場所」を表す場合でも、建物の外にいるのか、中にいるのか、表面に触れているのか、といったふうに状況を意識して使い分けることで、より正確な表現ができます。

---

## まとめ

- 前置詞は名詞（または代名詞）の前に置かれ、文中のほかの要素との関係を示す重要な品詞です。  
- 「場所」「時間」「方向」「手段」「原因」など、さまざまな関係を表すために多彩な前置詞が使われます。  
- それぞれの前置詞にはコアイメージが存在するので、イメージをつかんで学習すると使いやすくなります。  

前置詞を正しく使えるようになると、より自然で意味のはっきりした英語表現ができるようになります。例文を取り入れながら、ぜひコアイメージを意識して学習を進めてみてください。",Choose between this and that.,これとあれの中から選んで下さい。,1,2023-08-20 23:44:45 +0900,2025-01-26 18:53:32 +0900
79,A1.3-A2.1,受動態 (過去形),be (was/were)＋過去分詞=「～られた」,"## 受動態（過去形）とは？

受動態は、ある動作を「する人」よりも「される対象」に焦点を当てたいときに使われる文の形です。過去形の受動態は「～された」「～られた」という意味になります。英語では以下のような形をとります:

> **[主語] + was / were + 過去分詞 (過去形の受動態)**

たとえば、  
- *I was invited to the party.*（私はパーティーに招待されました）  
- *They were surprised by the news.*（彼らはそのニュースに驚かされました）  

のように表現します。

---

## 形の作り方

1. **主語 (S)**  
   もとの能動態で「動作を受ける対象」が受動態の主語になります。  
   例: 「誰かが私を招待した」 → *I*（私）が受け手なので、受動態の主語は *I* になります。

2. **be動詞 (was / were)**  
   受動態の「be動詞」を過去形にするときは、主語が単数なら *was*、複数なら *were* を使います。  
   - 単数: I, he, she, it → *was*  
   - 複数: we, you（複数の意味）, they → *were*  

3. **過去分詞 (過去分詞形)**  
   動詞の過去分詞を使うことで「～される」という受け身の意味を表します。動詞には規則動詞と不規則動詞があるため、過去分詞形を覚える必要があります。

4. **(オプション) by + 行為者**  
   誰がその動作を行ったのかを示したい場合は、文末に *by + 行為者* を加えます。  
   例: *The window was broken by John.*（その窓はジョンによって割られました）

---

## 具体例

1. **能動態: My father bought this car.**  
   （私の父がこの車を買った）

   **受動態: This car was bought by my father.**  
   （この車は私の父に買われた）

   - 「car」が「買われる対象」なので、受動態の主語は *this car* に変わります。  
   - be動詞は「was」（this car が単数）  
   - 「buy」の過去分詞は「bought」

2. **能動態: The students read many books last year.**  
   （生徒たちは昨年多くの本を読んだ）

   **受動態: Many books were read (by the students) last year.**  
   （多くの本が（生徒たちによって）昨年読まれた）

   - 「books」が「読まれる対象」なので、受動態の主語は *many books*  
   - be動詞は「were」（books が複数）  
   - 「read（レッド）」は「読む」の過去分詞形も同じスペルだが、発音は /red/

---

## 使うときのポイント

1. **行為者が不明・重要でない場合**  
   行為者をあえて書かないことで、何かが「された」という事実にだけ注目させたいときに便利です。  
   例: 「窓が割れた」 → *The window was broken.*（by someone を省略する）

2. **行為の受け手を強調したい場合**  
   自分が何らかの被害や恩恵を受けた、あるいは対象の方が大事だと感じる場合などに受動態を使います。  
   例: *He was given a prize.*（彼は賞を与えられた → 彼を強調）

3. **主語の単数・複数を確認**  
   「was」「were」の使い分けは主語の数によるので、単数なのか複数なのかを確認します。

4. **過去分詞形の確認**  
   不規則動詞の過去分詞形は形が変わるものが多いので、単なる過去形 (ed) と混同しないように注意が必要です。  

---

## まとめ

- **受動態（過去形）の基本形: [主語] + was / were + 過去分詞**  
- 行為者（by ~）を明示したい場合は文末に付け足す  
- 行為を受ける対象を文の主語にしたいとき、または行為者が分からなかったり重要でなかったりするときに使う  
- be動詞が主語に合わせて *was*・*were* に変化し、動詞は過去分詞形を使う

過去形の受動態を使うことで、英語の文全体で「誰が」「何をしたか」よりも、「誰（何）が」どのような行為を「された」のかに焦点を当てることができます。受身文を使いこなすことで文章表現の幅が広がり、自然な英語コミュニケーションに役立ちます。",Mac is loved by everyone.,マックはみんなから好かれている。,1,2023-08-20 23:44:45 +0900,2025-01-26 18:58:38 +0900
95,A2.1,(a) few+名詞,「少ない」数を表す形容詞,"以下では、(a) few の使い方について、より詳しくわかりやすく解説します。

---

## 「few」と「little」の違い

同じ「少ない」という意味でも、以下のように使い分けます。

- **few**: 数えられる名詞（可算名詞）に使う  
  例: few books（本がほとんどない）、a few books（本が少しある）
- **little**: 数えられない名詞（不可算名詞）に使う  
  例: little water（水がほとんどない）、a little water（水が少しある）

---

## 「few」と「a few」の違い

- **few** (冠詞なし)  
  - 否定的なニュアンスが強く、「ほとんど～ない」という意味合いで使います。  
  - 例: I have few friends in this city.  
    - 「この街には友人がほとんどいない」という、かなり少なく感じるニュアンス。
- **a few** (冠詞あり)  
  - 肯定的なニュアンスで、「少しの～がある」という意味合いになります。  
  - 例: I have a few friends in this city.  
    - 「この街に友人が少しいる」という、ある程度存在していることを示すニュアンス。

---

## 例文で確認しよう

1. **few の例**  
   - There are few students in the classroom.  
     - 教室に生徒はほとんどいない。  
     - “ほぼいない” くらいの少なさ。    

2. **a few の例**  
   - There are a few students in the classroom.  
     - 教室に生徒が少し（数人）いる。  
     - “わずかにいる” という意味合い。

3. **few と a few のニュアンス比較**  
   - We have few options left. → 選択肢がほとんど残っていない。  
   - We have a few options left. → 選択肢がまだいくつか（少し）残っている。  

このように、英語では冠詞 a の有無で、否定的・肯定的なニュアンスが大きく変わるため注意が必要です。

---

## ポイントまとめ

1. **few は可算名詞に使う**  
   - “ほとんど～ない” のように、否定的・極端に少ないことを表す。  
2. **a few は可算名詞に使う**  
   - “少しの～がある” のように、肯定的・ある程度の量があることを表す。  
3. **little / a little は不可算名詞に使う**  
   - “ほとんど～ない” (little) / “少しの～がある” (a little) のニュアンス。  

---

これらの使い分けを意識するだけで、英語の表現の微妙な違いを正確に表すことができます。ぜひ、実際の会話や文章で意識して使ってみてください。",Few students knew his name.,彼の名前を知っている生徒はほとんどいなかった。,1,2023-08-20 23:44:45 +0900,2025-01-26 19:00:19 +0900
107,A2.1,WH-疑問文: Whose 名詞 ...?,「誰の～」を表す疑問詞,"以下では、""Whose + 名詞 ...?"" の使い方について、より詳しく、わかりやすく解説します。

---

## 1. Whose の基本的な意味と働き
- **Whose** は「誰の～？」と、ある名詞の“持ち主”を尋ねるための疑問詞です。  
- 「Whose + 名詞... ?」という形で使うときは、名詞が何の所有物かを聞く文になります。  
  - 例: “Whose book is this?”（これは誰の本ですか？）

---

## 2. 文の形と答え方
### 文の形
“Whose + 名詞 + (動詞) + ...?”  
- 名詞の部分に「book」「bag」「pen」のような形あるものだけでなく、抽象的なもの（plan, idea, etc.）を入れることもできます。  
- 動詞には、be 動詞 (is, are) のほか、状況によっていろいろな動詞が使われます。

#### 例文
1. “Whose bag is this?”  
   - これは誰のカバンですか？  
2. “Whose idea was that?”  
   - あれは誰の考えでしたか？

### 答え方の例
- **It’s mine.**（私のものです）  
- **It’s Ken’s.**（ケンのものです）  
- **It belongs to my sister.**（私の姉/妹のものです）  

---

## 3. 「Whose + 名詞... ?」と「Who does it belong to?」の違い

- 「Whose + 名詞...?」は、名詞の所有者を直接たずねるフレーズです。「〇〇は誰のものですか？」という意味が明確になります。

- 一方、「Who does it belong to?」は「それは誰のものですか？」という聞き方で、具体的な名詞を入れずに尋ねるときに使います。

#### 例
- “Whose keys are these?” → これらの鍵は誰のですか？  
- “Who do these keys belong to?” → これらの鍵は誰のものですか？

どちらも意味はほぼ同じですが、**Whose** を使った文のほうが直接的に「名詞＋誰の」をつないで聞く形になります。

---

## 4. いろいろなパターン

1. **Whose + 単数名詞 + be 動詞...?**  
   - 例: “Whose pen is this?”（これは誰のペンですか？）

2. **Whose + 複数名詞 + be 動詞...?**  
   - 例: “Whose shoes are these?”（これらの靴は誰のですか？）

3. **Whose + 名詞 + 一般動詞...?**  
   - 例: “Whose phone rang?”（誰の電話が鳴りましたか？）  
   - be 動詞以外の動詞（rang, fell, etc.）を使うと、動作の所有者を尋ねる場合にも応用できます。

---

## 5. 実際の会話での使い方

1. ものを拾って持ち主を探すとき  
   - “Whose wallet did I find under the table?”   
     （テーブルの下で見つけた財布は誰のですか？）

2. 友達同士で物を見せ合うとき  
   - “Whose smartphone is that? It looks nice.”  
     （あれは誰のスマホ？ かっこいいね。）

3. 家族やクラスメイトの持ち物を尋ねるとき  
   - “Whose notebook is left in the classroom?”  
     （教室に置き忘れられたノートは誰のもの？）

---

## 6. まとめ
- **Whose + 名詞... ?** は、「誰の～？」を尋ねる基本的かつ重要な疑問文です。  
- 後ろに名詞を置くことで「持ち主（所有者）」を明確に示し、「～は誰のものか？」という意味を表します。  
- 答えるときは「It’s mine.」や「It’s Ken’s.」といった形で、持ち主をはっきりさせましょう。  

所有物をたずねる際には頻繁に使う表現なので、口頭練習や文章での練習を通じて自然に使えるようになっておきましょう。",Whose pen is this?,このペンは誰のですか。,1,2023-08-20 23:44:45 +0900,2025-01-26 19:02:25 +0900
103,A2.1,感嘆文: How+形容詞・副詞 ...!,「なんて～なんでしょう！」と感動を表す,"以下では、感嘆文でよく使われる「How を使う形」と「What を使う形」について、なるべく詳しく説明します。

---

## 感嘆文の基本形と意味

英語には、何かを「なんて～!」と強調して驚きを表すときに使う感嘆文があります。代表的な形は以下の2種類です。いずれも日本語にすると「なんて～なんでしょう！」や「なんと～！」という意味合いで訳されることが多いです。

1. **How + 形容詞(または副詞) + S + V!**  
   - 「SがVするなんて、（形容詞/副詞）でしょう！」
2. **What + (a [an] +) 形容詞 + 名詞 + S + V!**  
   - 「SがVする（名詞）はなんて（形容詞）なのでしょう！」

---

## 1. How + 形容詞/副詞 + S + V!

「How」を使う感嘆文は、形容詞や副詞を強調したいときに使われます。

### 例文

- How beautiful she is!  
  →「なんて彼女は美しいのでしょう！」
  
- How quickly he runs!  
  →「なんて彼は速く走るのでしょう！」

- How amazing this place looks!  
  →「なんてすごい場所に見えるのでしょう！」

このように「How」の直後には形容詞や副詞を置いて、「S + V（主語 + 動詞）」が続きます。「How + 形容詞/副詞」の形で驚きや感動を表現するのがポイントです。

---

## 2. What + (a [an] +) 形容詞 + 名詞 + S + V!

「What」を使う感嘆文は、名詞を伴って「物・事柄・人」を強調したいときに使われます。  
名詞が可算名詞の単数形ならば「a」や「an」を仲介し、形容詞を付けることもできます。

### 例文

- What a beautiful day it is!  
  →「なんて美しい日なのでしょう！」
  
- What a big house you have!  
  →「なんて大きい家を持っているのでしょう！」

- What an interesting idea that is!  
  →「なんて面白い考えなのでしょう！」

名詞が可算名詞の複数形や不可算名詞の場合は “a[an]” を入れません。たとえば、「What interesting news it is!（なんて面白いニュースなの！）」のようになります。

---

## 「How〜」と「What〜」の違い

1. **焦点の違い**  
   - 「How」は主に形容詞や副詞に焦点を当て、状態・様子・程度の大きさを強調します。  
   - 「What」は名詞に焦点を当て、「どれほどすごい（名詞）なのか」を強調します。

2. **文の作り方の違い**  
   - 「How〜!」の文には名詞が不要で、形容詞（または副詞）を直接使います。  
   - 「What〜!」の文では必ず名詞が入り、可算名詞の単数なら「a[an]」をつける、複数形や不可算名詞なら省略するという点がポイントです。

---

## 学習のヒント

1. 「How + 形容詞/副詞」が強調しているのは、名詞そのものよりも「どんな状態か」「どんなふうに・どれくらいか」という性質や様子です。  
2. 「What + a[an] + 形容詞 + 名詞」が強調しているのは、「どれだけすごい（あるいは驚くべき）名詞なのか」です。  
3. 日常会話でもよく使われる表現ですので、ニュース記事や映画、ドラマなどですぐに見つけることができます。実際に目や耳にしたときに「どちらが使われているか」を意識しながら学習すると、使い分けを身につけやすくなります。

---

以上が「How を使う感嘆文」と「What を使う感嘆文」の詳しい説明です。形容詞・副詞を強調するのか、名詞を強調するのかによって形が変わります。例文を参考にしながら、ぜひ理解を深めてみてください。",How nice this cup is!,この茶わんはなんとすばらしいのでしょう。,1,2023-08-20 23:44:45 +0900,2025-01-26 19:02:45 +0900
128,A2.2,something+形容詞,somethingを形容するときは後ろから,"以下では、「something」や「anything」など “-thing” で終わる語と形容詞の語順について、より詳しく解説します。

---

## ポイント1: -thing を含む不定代名詞の後ろに形容詞が置かれる

英語には、something, anything, everything, nothing など、語尾に “-thing” がつく不定代名詞があります。これらを修飾するときは、形容詞を **名詞の後ろ** に置くというルール（後置形容詞）があります。

- 例:  
  - something 重要な → something important  
  - anything 面白い → anything interesting  
  - everything 必要な → everything necessary  

ふだんは「形容詞 + 名詞」という順序（例: “an interesting book”）をよく見かけますが、“-thing” で終わる不定代名詞のときは逆になるので注意しましょう。

---

## ポイント2: なぜ後ろに置くのか？

これらの不定代名詞（something, anything, nothing...）は、名詞のように機能しながらも、文の中で追加情報を付けるときに形容詞が **後置** されることが多いです。これは英語の伝統的な文法上の特徴で、誰や何かを表す不定代名詞 + 形容詞の形では、形容詞が後ろに来る形が自然だからです。

- 例:  
  - “I have something important to tell you.”  
    (言うべき大切なことがある)  
  - “I didn’t find anything unusual in the report.”  
    (その報告書には何も変わったところを見つけなかった)  

「important something」のように形容詞を前に置いてしまうと、不自然な英語表現になってしまうので気をつけましょう。

---

## ポイント3: 一般的な後置形容詞との関係

「後置形容詞（postpositive adjective）」とは、通常の「形容詞 + 名詞」の順番とは逆に、**名詞の後ろに置かれる形容詞** のことを指します。  
“-thing” で終わる不定代名詞への修飾は、英語でよく見られる後置形容詞の代表例です。他にも、phrase（句）を伴う形容詞など、特定の場合に後ろに置かれるケースがあります。

- 例: princes royal （旧式の言い方）  
- 例: the attorney general （general が後置された官職名）  

しかし、現代英語では後置形容詞のパターンはあまり多くありません。特に “something interesting, anything special” などがよく使われる具体例として挙げられます。

---

## ポイント4: 例文で確認

1. I’m looking for something new to wear.  
   - 何か新しいものを探している。  
   - “something” + “new” という並び順になっている点がポイント。

2. Is there anything else you need?  
   - 何か他に必要なものはありますか？  
   - “anything” + “else”。「他に」という形容詞も名詞の後ろに来る。

3. Everything necessary has been prepared.  
   - 必要なものはすべて準備済みだ。  
   - “everything” + “necessary” の順。

4. There’s nothing special going on today.  
   - 今日は特に変わったことはない。  
   - “nothing” + “special” の順。

---

## まとめ

- “something, anything, everything, nothing” など “-thing” で終わる不定代名詞は、修飾する形容詞を **後置** する。  
- 普段は「形容詞 + 名詞」が普通でも、これらの場合は「名詞 + 形容詞」が自然な形となる。  
- このような語順は、「後置形容詞（postpositive adjective）」と呼ばれる文法現象の一つで、英語の特徴的な使い方といえる。

英作文では、“-thing” で終わる語と形容詞の順番に気をつけて書くようにしましょう。特に慣れていないうちは、例文を参考にするのがおすすめです。",We want something new.,何か新しいものがほしい。,1,2023-08-20 23:44:45 +0900,2025-01-26 19:04:32 +0900
127,A2.2,none,「何もない」「誰もいない」を表す代名詞,"# none の使い方と意味を詳しく解説

英語の文法で使われる **none** は、「何もない」「誰もいない」「一つもない」という意味を表す代名詞です。特に **no + 名詞**（例：no money, no problem など）の代わりや、多くの場合 **none of + 名詞（または代名詞）** の形で使われます。以下では、none の詳細な使い方やニュアンスを解説します。

---

## 1. none の基本的な意味
- **none** は「（数量が）一つもない」「（人物が）誰もいない」「全くない」という意味を持ちます。
- 物や人、数などが「存在しない」ことを強調したいときに使われます。

### 例文
1. I have none left.  
   →（お金や食べ物などが）もう残っていない。  
2. None of them came to the party.  
   →（招待した人の中で）誰一人としてパーティーに来なかった。

---

## 2. none of + 名詞（代名詞）の用法
**none of + 名詞（または代名詞）** の形で頻繁に使われます。  
- 「～のうちのどれも（誰も）…ない」という意味になります。  
- 代名詞の him, her, us, them などもそのまま of の後ろに置くことができます。

### 例文
1. None of the desserts look appealing to me.  
   → デザートのどれも私の好みには合わない。  
2. None of us knew the answer.  
   → 私たちの誰も答えを知らなかった。  
3. None of the students have finished the assignment yet.  
   → 学生たちの誰もまだ宿題を終えていない。

---

## 3. 単数・複数扱いについて
**none** は、文法的には **単数扱い** でも **複数扱い** でも使われることがあります。  
- 不可算名詞や単数でまとめて見なしている場合は単数扱いになりやすいです。  
- 複数の人や複数のものを指している場合は複数扱いになることが多いです。

### 例文
1. None of the water is clean.  
   → （水という不可算名詞を指すので）単数扱い。  
2. None of my friends are arriving on time.  
   → （友人たちを指すので）複数扱い。

一般的には会話では複数扱いをすることが多いですが、試験などで文法問題が出る場合は、どんな名詞を指しているかを確認すればより適切な判断ができます。

---

## 4. 短い返答としての使用
「はい」「いいえ」で答える代わりに **none** を短く使うことがあります。  
- 「まったくない」ことを簡潔に表すときに役立ちます。

### 例文
- A: Do you have any questions?（何か質問はありますか？）  
  B: None.（ありません）

---

## 5. 「none」と「no + 名詞」の違い
- **no + 名詞** は「名詞がまったく存在しない」という形容詞的な使い方です。  
- **none** は代名詞として、すでに言及されているものを受ける場合に使うことが多いです。

### 例文
1. I have no money.（形容詞としての「no」）  
2. I used to have some savings, but now I have none.（代名詞「none」）

---

## まとめ
- **none** は「何もない」「誰もいない」という意味を表す代名詞。  
- **none of + 名詞（代名詞）** の形で「～のうちのどれも（誰も）…ない」という意味を表す。  
- 単数・複数どちらの扱いも可能だが、文脈や指す対象に合わせて動詞を決める。  
- 短い返答として「まったくない」ことを伝えるのにも使える。  
- 「no + 名詞」は形容詞的な使い方で、「none」はそれ単体で代名詞として働く点に注意。

none は英語の会話や文章で頻繁に使われる便利な代名詞です。文脈に応じて単数・複数どちらの扱いにするかを意識しながら活用してみてください。",There were none in the room.,部屋にはだれもいなかった。,1,2023-08-20 23:44:45 +0900,2025-01-26 19:04:33 +0900
134,A2.2,Shall I ...?,「～しましょうか」と申し出る,"以下では、“Shall I …?” の用法について、より詳しくわかりやすく整理した解説を示します。

---

## “Shall I …?” の基本的な意味

“Shall I …?” は、
- 「～しましょうか？」という申し出 (オファー) を表す  
- 相手に何かをしてあげようかと尋ねるフレーズ

主に丁寧な場面やかしこまった場面で使われます。日常会話でも比較的フォーマルな響きがありますが、イギリス英語ではよく耳にします。

---

## 使い方と例文

1. 提案・申し出をする  
   “Shall I open the window?”  
   → 「窓を開けましょうか？」

2. 助力を申し出る  
   “Shall I carry your bag?”  
   → 「荷物をお持ちしましょうか？」

3. サービスを提供するような場面  
   “Shall I bring you some coffee?”  
   → 「コーヒーをお持ちしましょうか？」

これらはすべて、相手に「～してもよいですか？」というよりも、「～しましょうか？」という積極的な申し出・意欲を示す表現です。

---

## “Shall” が使われる場面・使われやすい英変種

- **イギリス英語**で頻繁に使用される。  
- **アメリカ英語**では “Should I …?” や “Do you want me to …?” など別の表現が好まれることが多い。  
- フォーマルなスピーチやビジネスシーンなど、より改まった場面での使用が目立つ。

---

## 他のフレーズとの違い

- “Should I …?”  
  - 「～したほうがいいですか？」と相手の意見をたずねるニュアンス。  
  - “Shall I …?” よりも「する必要があるかどうか」を聞くニュアンスが強い。

- “Do you want me to …?”  
  - 「～してほしいですか？」と相手の希望を直接たずねる表現。  
  - カジュアルな場面で広く使われる。

- “May I …?”  
  - 「～してもよろしいですか？」と許可を求める表現。  
  - 「申し出をする」のではなく、行動してよいかどうかを伺うときに使われる。  

---

## ポイントまとめ

1. “Shall I …?” は「～しましょうか？」と申し出をする丁寧表現。  
2. 主にイギリス英語で日常的にも使われるが、ややフォーマルなニュアンスがある。  
3. アメリカ英語では代わりに “Should I …?” や “Do you want me to …?” が用いられることが多い。  
4. 似た表現との違いを理解し、状況に応じて使い分けると自然な英語になる。

以上が “Shall I …?” の詳しい解説です。相手に何かを申し出るときは、ぜひこのフレーズを活用してみてください。",Shall I clean the room?,部屋をきれいにしましょうか。,1,2023-08-20 23:44:45 +0900,2025-01-26 19:05:13 +0900
110,A2.1,Will you ...?,カジュアルに依頼するときのWill you ~?,"以下では「Will you ...?」を中心とした依頼表現の違いについて、より詳しく、わかりやすく解説します。

---

## 助動詞を使った依頼表現の基本

英語で誰かに何かを頼むときは、助動詞を使った疑問文がよく用いられます。たとえば「Will you ～?」「Can you ～?」などですが、助動詞の形や使い方によって、依頼の“丁寧さ”や“ニュアンス”が変わります。

---

## Will you ～?

### 基本的な使い方
- 「Will you ～?」は、相手に何かをしてもらいたいときに使う依頼表現です。
- 比較的カジュアルな響きがあり、日本語で言う「〜してくれる？」に近いニュアンスです。

### 例文
- Will you pass me the salt?  
  （塩を取ってくれる？）
- Will you help me with my project?  
  （私のプロジェクトを手伝ってくれる？）

### ポイント
- 「Will you～?」はフランクに使える一方で、言い方によっては「〜してよ」という、やや強めの依頼・命令っぽく聞こえてしまう場合があります。相手との関係性や場面によっては、より丁寧な表現にした方がよいケースもあります。

---

## Can you ～?

### 基本的な使い方
- 「Can you ～?」は「～できる？」と相手の能力をたずねる形ですが、依頼表現としてもよく使われます。実際には「〜してくれる？」という意味合いになります。

### 例文
- Can you open the window?  
  （窓を開けてくれる？）
- Can you pick me up at the station?  
  （駅まで迎えに来てくれる？）

### ポイント
- 「Will you～?」と同様にカジュアルなイメージがあります。友人や家族、親しい同僚などに対して気軽に使える依頼表現です。

---

## Would you ～? / Could you ～?

### 基本的な使い方
- 「Would you ～?」や「Could you ～?」は、「Will you～?」「Can you～?」の過去形を用いた形です。
- 過去形を使うことで丁寧なニュアンスが加わり、日本語だと「〜していただけますか？」や「〜してくれませんか？」に近くなります。

### 例文
- Would you close the door for me?  
  （ドアを閉めていただけますか？）
- Could you speak more slowly, please?  
  （もう少しゆっくり話していただけますか？）
- Would you mind carrying this bag for me?  
  （このカバンを運んでいただいてもよろしいですか？）

### ポイント
- ビジネスシーンや初対面の相手、または目上の人に対して依頼するときには、「Would you～?」「Could you～?」を使うことでより丁寧な印象を与えられます。
- 「Would you mind ～?」など、さらに丁寧な言い方も存在します。

---

## まとめ

1. **Will you ～? / Can you ～?**  
   - カジュアルな依頼：「～してくれる？」  
   - 友人や家族、親しい間柄でのシーンに向いている。

2. **Would you ～? / Could you ～?**  
   - 丁寧な依頼：「～していただけますか？」や「～してくれませんか？」  
   - ビジネスや初対面、目上の人など礼儀を重んじる場面に最適。

英語では、相手との関係性や状況に応じて依頼の仕方を変えることが大切です。カジュアルな場面では「Will you ～?」「Can you ～?」を使っても問題ありませんが、丁寧さが必要なときは「Would you ～?」「Could you ～?」を選ぶとよいでしょう。",Will you show me what you bought?,あなたが買ったものを見せてくれませんか。,1,2023-08-20 23:44:45 +0900,2025-01-26 19:02:45 +0900
49,A1.2-A2.2,always/usually/often/sometimes/hardly/never,頻度を表す副詞,"# 頻度を表す副詞 (always / usually / often / sometimes / hardly / never) の使い方

英語で「いつも」「ふだん」「しばしば」「ときどき」「ほとんど～ない」「決して～ない」など、物事がどのくらいの頻度で起こるかを表す副詞を**頻度副詞**と呼びます。主なものには、以下があります。

- **always**（いつも）
- **usually** / **often**（たいてい / しばしば）
- **sometimes**（ときどき）
- **hardly**（ほとんど～ない）※「hardly ever」で「めったに～ない」とも言えます。
- **never**（決して～ない）

## 位置の基本ルール

### 1. 一般動詞がある文の場合
- **主語 + 頻度副詞 + 一般動詞**  
  例：He **sometimes** goes to the library.  
  （彼は**時々**図書館へ行きます。）

### 2. be動詞がある文の場合
- **主語 + be動詞 + 頻度副詞**  
  例：He **is usually** a nice person.  
  （彼は**たいてい**良い人です。）

### 3. 助動詞（can, will, mustなど）がある文の場合
- **主語 + 助動詞 + 頻度副詞 + 動詞の原形**  
  例：He **can never** understand this problem.  
  （彼はこの問題を**決して**理解できません。）

## 「hardly」や「never」の注意点

- **hardly** は「ほとんど～ない」を意味し、否定的な意味を含みますが、**never** ほど強くはありません。  
  例：I **hardly** see him these days.（最近は**ほとんど**彼を見かけません。）
- **never** は「決して～ない」を表し、強い否定の意味を持ちます。文をすでに否定形にするため、ふつう **never** の後に「not」を重ねて使うことはありません。  
  例：I **never** play the piano.（私は**決して**ピアノを弾きません。）

## 例文まとめ

1. **always**  
   - I **always** get up at six.  
     （私は**いつも**6時に起きます。）

2. **usually**  
   - They **usually** have dinner at home.  
     （彼らは**たいてい**家で夕食をとります。）

3. **often**  
   - We **often** go shopping on weekends.  
     （私たちは週末に**よく**買い物へ行きます。）

4. **sometimes**  
   - She **sometimes** forgets her umbrella.  
     （彼女は**ときどき**傘を忘れます。）

5. **hardly** / **hardly ever**  
   - I **hardly** (ever) watch TV.  
     （私は**めったに**テレビを見ません。）

6. **never**  
   - He **never** smokes.  
     （彼は**決して**たばこを吸いません。）

## まとめ

- 頻度を表す副詞は、**一般動詞の前、be動詞の後ろ、助動詞の後ろ**に置くのが基本的なルールです。  
- **hardly** や **never** はそれ自体が否定的な意味なので、追加で “not” などを使わないように注意してください。  
- 例文を書いてみたり、音読してみると位置関係やニュアンスの違いに慣れることができます。  

ぜひ参考にして練習してみてください。",That gentleman usually wears a hat.,普段あの紳士は帽子をかぶっている。,1,2023-08-20 23:44:45 +0900,2025-01-26 18:55:36 +0900
52,A1.2-A2.2,助動詞: can,「～することができる」のcan,"以下では、助動詞「can」について、より詳しくわかりやすく解説します。

---

## 1. 助動詞とは？
助動詞（auxiliary verb）とは、**動詞の前に置いて、その動詞の意味を補足したり強調したりする役割**を持つ言葉です。  
たとえば、「走る」という意味の動詞“run”の前に助動詞“can”を置くと、“can run”となり、「走ることができる」という意味になります。

---

## 2. 「can」の主な意味
1. **能力（～することができる）**  
   - 例: I can swim.  
     （私は泳ぐことができます。）  
   - この場合は「能力」を表します。話し手が「泳ぐ才能やスキルを持っている」ことを示す表現です。

2. **可能性（～する可能性がある）**  
   - 例: It can rain in the afternoon.  
     （午後には雨が降るかもしれない。）  
   - ここでは「起こりうる可能性」を指します。助動詞「can」は「本来起こり得ること、理論上可能なこと」を表す場合にも使います。

3. **許可（～してもよい）**  
   - 例: You can use my pen.  
     （私のペンを使ってもいいよ。）  
   - 「can」は、口語的に「許可」を表す使い方もあります。かしこまった言い方では “may” や “could” を使うことが多いですが、日常会話では「can」で許可を示すのは自然です。

---

## 3. 「can」の文型
「can」は一般的に**主語＋can＋動詞の原形**という順序で使います。

- 肯定文:  
  主語＋**can**＋動詞の原形…  
  例: I **can** play the piano.  
  （私はピアノを弾くことができます。）

- 否定文:  
  主語＋**cannot / can’t**＋動詞の原形…  
  例: I **cannot** play the piano. / I **can’t** play the piano.  
  （私はピアノを弾くことができません。）

- 疑問文:  
  **Can**＋主語＋動詞の原形…?  
  例: **Can** you play the piano?  
  （あなたはピアノを弾くことができますか？）  

---

## 4. 「can」と「be able to」の違い
- 「can」は話し言葉を中心とした自然な表現で、「能力・可能性・許可」を表すときに広く使われます。  
- 「be able to」は、さらにフォーマルだったり、時制を柔軟に変化させる必要がある場合（たとえば過去形や未来形で能力を言いたい場合）に用いられます。  

例:  
- I **can** speak English. （話し言葉として自然）  
- I **was able to** speak English when I was ten. （10歳の頃英語が話せた[過去形]）

---

## 5. まとめ
- 助動詞は動詞をサポートする言葉で、文章の意味を補足・強調します。  
- 「can」は、主に「能力」「可能性」「許可」を表す助動詞です。  
- 基本形は「主語＋can＋動詞の原形」で、否定・疑問の形もシンプルに作ることができます。  
- 過去や未来など、より複雑な時制で能力を表す場合は「be able to～」が使われることも多いです。

「can」は英語学習の初期で登場する、とても大切な助動詞です。少しずつ例文を作りながら慣れていきましょう。",I can do it alone.,自分の力だけでそれをできる。,1,2023-08-20 23:44:45 +0900,2025-01-26 18:56:15 +0900
82,A1.3-A2.1,関係代名詞: what,先行詞を取らない関係代名詞,"以下では、関係代名詞「what」について、より詳しく、わかりやすく解説します。

---

## 関係代名詞「what」の基本的な意味と特徴

1. **訳し方**  
   - 「what」を関係代名詞として用いる場合は、日本語で「…すること／…するもの」という意味で訳すことが多いです。  
   - 文脈によっては「〜なもの・こと」「〜であるもの・こと」のように表現されることもあります。

2. **先行詞を取らない**  
   - 「what」は他の関係代名詞（which, that, who など）と異なり、先行詞（それまでに出てきた名詞）を必要としません。  
   - 「what」自体が「先行詞 + 関係代名詞」の両方の役割を兼ねており、英語では “the thing which” と同様の意味を持ちます。

3. **文中での役割**  
   - 「what」は後ろに続く節（S + V...）に対して、通常は目的語などの文要素として機能します。  
   - 例：  
     - “I’ll tell you what I know.”  
       - 「私が知っていることを、あなたに話します」  
       - この文では “what I know” が目的語となっており、「私が知っていること」という意味を表します。

---

## 例文と解説

1. **What you said is true.**  
   - 意味：あなたが言ったことは本当だ。  
   - “what you said” は「あなたが言ったこと」という意味になり、“is true” の主語になっています。

2. **I’m interested in what you’re doing now.**  
   - 意味：私は、あなたが今やっていることに興味があります。  
   - “what you’re doing now” は「あなたが今やっていること」の意味で、前置詞 in の目的語になっています。

3. **You can do what you like.**  
   - 意味：自分の好きなことをやっていいよ。  
   - “what you like” は「あなたが好きな（やりたい）こと」を表し、“can do” の目的語です。

---

## 「what」と他の関係代名詞の違い

- **which / that / who**  
  - いずれも文中に “先行詞” があり、そこにかかる関係代名詞として使われます。  
  - 例：  
    - “The book which I bought yesterday is interesting.”  
      - 「私が昨日買った本は面白い」  
      - この場合、“the book” が先行詞になります。  
- **what**  
  - 先行詞を特に持たず、「…するもの／…すること」のように “先行詞+関係代名詞” の機能をひとまとめにしてしまう点が異なります。  
  - “the thing(s) that” に置き換えられるイメージで理解するとわかりやすいです。

---

## まとめ

- 関係代名詞「what」は「先行詞+関係代名詞」を合わせたような形をとり、「〜すること・〜するもの」を表します。  
- 後ろに続く文（節）の目的語などとして使われるのが一般的です。  
- 他の関係代名詞との大きな違いは、**先行詞を必要としない** ことです。  
- “the thing(s) that” と考えるとイメージしやすく、自然な日本語訳としては「…なもの／こと」「…するもの／こと」などになります。

---

まずは上記の基本例文などを参考にしながら会話や文章で使い、慣れていくのがおすすめです。疑問代名詞としての「what」（疑問文で「何」と訳す）とは異なる用法である点も覚えておきましょう。",That's what I thought.,正にそれが私の考えです。,1,2023-08-20 23:44:45 +0900,2025-01-26 18:59:19 +0900
81,A1.3-A2.1,副詞節: if,「もし～なら」を表すif,"以下では、副詞節としての if と、名詞節としての if の違いを中心に、より詳しくわかりやすく説明します。

---

## 1. 副詞節の if

### 意味と役割
副詞節の if は、「もし〜なら」という条件を表す節を作るときに使われます。日本語訳では「もし〜なら」「〜の場合は」に相当します。

- 例文:  
  - If it rains tomorrow, we will stay at home.  
    （もし明日雨が降るなら、私たちは家にいます。）  
  - If I have time, I will help you.  
    （もし時間があれば、手伝いますよ。）

### 直説法(現実的条件) と 仮定法(非現実的条件)
副詞節の if を使った条件文には、大きく分けて次の2種類があります。

1. **直説法 (現実的な条件)**
   - 例: If + 現在形, 主節: will + 動詞  
     - If you study hard, you will pass the exam.  
       （一生懸命勉強すれば、試験に受かるでしょう。）  
   - 主節が「現在形」や「命令文」になる場合もあります。  
     - If you see him, tell him to call me.  
       （彼に会ったら、私に電話するよう伝えてください。）

2. **仮定法 (非現実的な条件、時制をずらして表現)**
   - 過去形や過去完了形を使い、「現実にはそうでない状況」を表します。
   - **仮定法過去**  
     - If I were you, I would take that job.  
       （もし私があなただったら、その仕事を引き受けるのに。）  
     - 実際には「私はあなたではない」という非現実の状況。  
   - **仮定法過去完了**  
     - If I had known the truth, I would have told you.  
       （もしその真実を知っていたなら、あなたに伝えていたのに。）  
     - 実際には「知らなかった」という過去の非現実の状況。  

---

## 2. 名詞節の if

### 意味と役割
名詞節としての if は、「〜かどうか」を表します。副詞節とは異なり、「条件」という意味ではなく、「～かどうか」をひとまとまりの内容として文中で使います。
  
- 例文:  
  - I wonder if he will come tomorrow.  
    （彼が明日来るかどうかしら。）  
  - Could you tell me if this bus goes to the station?  
    （このバスが駅に行くかどうか教えていただけますか？）  

### if と whether の使い分け
名詞節で「〜かどうか」を表す際は、if の代わりに whether を使うこともできます。基本的にはどちらでも通じますが、下記のように whether のみ使える場合があります。

- 前置詞の目的語になる場合  
  - I’m interested in whether he will come. (◯)  
  - I’m interested in if he will come. (やや不自然)  
- to 不定詞の前で  
  - I can’t decide whether to go or stay. (◯)  
  - I can’t decide if to go or stay. (不自然)

上記のような状況では、“whether” を使うのが一般的です。

---

## 3. よくある疑問点

1. **条件文を表す副詞節の if と、名詞節の if を見分けるには？**  
   - 意味に注目します。文全体で「もし〜なら」という条件の意味を担っていれば、副詞節です。  
   - 一方「〜かどうか」という「内容そのもの」を表していれば、名詞節です。

2. **副詞節の if は、文頭に来ても良いの？**  
   - もちろん可能です。副詞節なので、文頭や文中、文末など柔軟に置けます。  
   - ただし、副詞節を文頭に置くときは、コンマで区切るのが一般的です。  
     - If it rains tomorrow, we will stay at home.  
     - We will stay at home if it rains tomorrow.

3. **仮定法の if 節で “were” を使うのはどうして？**  
   - 仮定法過去では、be 動詞の過去形として「was」ではなく「were」を用いるのが伝統的な形です。特に「If I were you」の表現は定型句としてよく使われます。実際の会話では “was” を使う人もいますが、文法的には “were” が無難です。

---

## まとめ

- **副詞節の if**: 「もし〜なら（条件）」を表す。直説法 (現実的) と仮定法 (非現実的) がある。  
- **名詞節の if**: 「〜かどうか」を表す。自分が「内容そのものについて確認したい・知りたい」ときに用いる。  

if 節が表す意味を正しく理解することで、英文の流れや意図を把握しやすくなります。条件を表すか、内容を問うかで使い方が異なるので、例文をたくさん読んだり書いたりして慣れていきましょう。","If I get time, I will.",時間があればそうします。,1,2023-08-20 23:44:45 +0900,2025-01-26 18:59:29 +0900
100,A2.1,副詞節: as ...,「～するとき」、「～するので」など複数の意味がある接続詞,"以下では、「副詞節」と「as」を使った副詞節について、より詳しく、わかりやすく解説します。

---

## 副詞節とは

**副詞節 (adverbial clause)** とは、文全体を修飾する働きをする節（S + V を含むかたまり）のことです。形容詞節や名詞節との大きな違いは、**副詞としての役割**を果たす点にあります。

たとえば次のような文を見てみましょう。

> I was listening to music when I noticed the time.  
> （私は時間に気づいたとき、音楽を聴いていました。）

この文では、""when I noticed the time"" が副詞節にあたります。**接続詞 + 主語 + 動詞** という形になっており、文の中で「いつ」という情報を付け加え、動詞 “was listening” を修飾しています（動作が起こる**タイミング**を示す）。

---

## as を使った副詞節

「as」はさまざまな意味を持ち、文脈に応じて柔軟に訳す必要があります。ここでは主に頻出する3つの用法を紹介します。

### 1. 「～するとき」

時を表す接続詞として使われる場合、動作が起こる**タイミング**を表します。

> As I was leaving home, it started to rain.  
> （家を出ようとしたとき、雨が降り始めた。）

- 「as …, ～」の形で、「…しているときに（同時に）～が起こる」というニュアンスを持つことが多いです。  
- 「～するとき」「～しているときに」と訳します。

### 2. 「～するので／～だから」

理由を表す接続詞として使われる場合、原因や理由を示します。

> As it was getting late, I decided to call it a day.  
> （遅くなってきたので、私はその日は切り上げることにした。）

- 「～なので」「～だから」といった意味で使われます。  
- 「because」や「since」と置き換えられる場合も多いです。

### 3. 「～につれて」

変化の同時進行や、何かが変化するのに伴って別の何かも変化することを表す場合に使われます。

> As the night went on, the temperature dropped.  
> （夜が更けるにつれて、気温が下がった。）

- 「～につれて」「～に従って」のニュアンスをもちます。  
- 変化する時間や状況との「並行的な進行」を表現します。

---

## まとめ

1. **副詞節**：従属節の一種で、接続詞 + 主語 + 動詞のかたまりが文全体を修飾し、時や理由、条件などを表す。  
2. **as による副詞節**：文脈に応じて「～するとき」「～するので」「～につれて」などと訳出できる。  
3. **使い分けのポイント**：as が「時間」「理由」「変化」を表すかどうか、文の流れをよく読み取って判断する。

### 例文で理解をさらに深めましょう

- **時間**: As I walked down the street, I ran into an old friend.  
  （通りを歩いていたとき、昔の友人に偶然会った。）

- **理由**: As I’m busy tomorrow, I can’t join the event.  
  （明日は忙しいので、イベントには参加できません。）

- **変化**: As the story progresses, the characters grow stronger.  
  （物語が進むにつれて、登場人物たちは成長していく。）

文脈に合わせてどの用法が適切か注意しつつ、「as」が示す意味合いを見極めてみてください。副詞節の「as」は、**時間的な出来事の重なり**から**理由・原因**、さらには**変化の並行**まで、実用性の高い表現です。ぜひ実際の英文でいろいろな用法を確認してみてください。","As I don't have the money, it'll just be a short trip.",お金がないので、短い旅になりそうだ。,1,2023-08-20 23:44:45 +0900,2025-01-26 19:00:37 +0900
108,A2.1,Can't you ...?,「～できないの？」,"## 「Can’t you ～?」の形について

英語で「Can you ～?」と尋ねる場合は「～することができますか？」という意味ですが、その否定形である「Can’t you ～?」は「～できないの？」と問いかける形になります。ここでは、その使い方やニュアンス、注意点を詳しく解説します。

---

### 1. 肯定形「Can you ～?」との違い
- **Can you ～?**  
  - 「～できますか？」「～してもらえますか？」という意味合いで、単純に相手の能力・可能性をたずねたり、お願いをする場面で用いられます。  
  - 例）  
    - “Can you swim?”（泳げますか？）  
    - “Can you help me?”（手伝ってくれますか？）
- **Can’t you ～?**  
  - 日本語訳で「～できないの？」となり、相手がそれをできるはずだと期待しているような含みを持つことが多い表現です。  
  - 例）  
    - “Can’t you swim?”（泳げないの？ ＝ 泳げると思っていたけれど？）  
    - “Can’t you help me?”（手伝ってくれないの？ ＝ 手伝ってくれると思っていたのに？）

---

### 2. 否定形の持つニュアンス
- 「Can’t you ～?」には、**「できるはずなのに、なぜしないの？」**というニュアンスが含まれます。  
- そのため、場合によっては**相手を責めているように聞こえる**ことがあり、誤解を招く可能性があります。  
- たとえば相手が「いいえ、できません」と答えることが明らかな状況で「Can’t you ～?」を使うと、責任を追及しているように聞こえやすく、相手に不快感を与えてしまうリスクがあります。

---

### 3. 丁寧にしたいときの工夫
「相手に強いるような響きにならないようにしたい場合」は、以下のような表現を使うと、よりやわらかな印象を与えられます。

1. **Could you ～?**  
   - “Could you help me?”（お手伝いいただけますか？）  
   - 依頼をするときに一般的に使われる丁寧表現で、相手の承諾を柔らかく求められます。
2. **Would you mind ～?**  
   - “Would you mind helping me?”（手伝っていただけますか？）  
   - “～していただけませんか？”という表現になり、丁寧さがより増します。
3. **Is it possible for you to ～?**  
   - “Is it possible for you to join us?”（一緒に参加していただくことは可能ですか？）  
   - 相手に選択の余地を与える印象となり、依頼や質問をさらにやわらかく伝えられます。

---

### 4. 状況に合わせた使い方のポイント
1. **相手との関係性を考える**  
   - 親しい間柄やカジュアルな状況であれば「Can’t you ～?」を用いても強い印象にはならないことがあります。  
   - 一方、ビジネスや公式の場面など、礼儀が求められる状況では避けたほうが良いでしょう。
2. **相手が“できない”可能性に配慮する**  
   - “Can’t you ～?”は相手が本当にできない（あるいはやりたくない）場合に、圧力を感じさせる表現です。  
   - 「できる」と確信している場合でも、丁寧な言いかえを検討すると、円滑なコミュニケーションに繋がります。

---

### 5. まとめ
- **「Can’t you ～?」は「～できないの？」というニュアンスを強く含むため、相手を叱責しているように受け取られる可能性があります。**  
- フランクに使える場面もありますが、相手との関係性や状況をよく考え、より丁寧な表現を選択すると失礼になりにくいでしょう。  

特にビジネス文書やあまり親しくない相手との会話では、安全のために**「Could you ～?」「Would you mind ～?」**などを使用するほうが無難です。",Can't you discount it a little?,少し安くなりませんか。,1,2023-08-20 23:44:45 +0900,2025-01-26 19:02:35 +0900
109,A2.1,Could you ...?,より丁寧な依頼を表す,"以下では、「Could you …?」という依頼表現の使い方について、より丁寧でわかりやすい解説を示します。

---

## 「Could you …?」とは

- **Could** は **can** の過去形ですが、過去形だからといって「過去の出来事のみ」を表すわけではありません。  
- **助動詞**を過去形にすると、丁寧さが増すという特徴があります。「Could you …?」は「Can you …?」に比べて、丁寧な依頼をする際に用いられます。

### 「Can you …?」との違い

- 「Can you …?」は話し手から相手への依頼表現で、比較的カジュアルに使えます。日本語としては「～してくれない？」というニュアンスが近いです。  
- 一方、「Could you …?」はより丁寧で遠慮がちな響きを持つ表現です。日本語で言うと「～していただけませんか」や「～してくれませんか」と、改まった印象を与えます。

---

## 使い方のポイント

1. **やわらかく丁寧な依頼をしたいときに使う**  
   例:  
   - Could you pass me the salt?  
     （塩を取っていただけますか？）  
   - Could you help me with this homework?  
     （この宿題を手伝っていただけませんか？）

2. **ビジネスシーンや目上の人への依頼に便利**  
   面接や会議などで、上司や取引先相手に何かお願いをしたい場合、「Could you …?」は丁寧な印象を与えます。

3. **「Can you …?」よりも丁寧、しかし「Would you …?」ほど硬すぎない**  
   - **Would you …?** はさらにフォーマル感が増しますが、日常的な場面では「Could you …?」で十分伝わります。

---

## 例文で確認

| 依頼する内容                        | Can you …? （カジュアル）     | Could you …? （丁寧）                        |
|:----------------------------------:|:--------------------------:|:-------------------------------------------:|
| ドアを開けてくれる？                | Can you open the door?    | Could you open the door, please?            |
| 席を詰めて座ってもらえる？          | Can you move over a bit?  | Could you move over a bit for me, please?   |
| メールをもう一度送ってもらえる？    | Can you send the email again?  | Could you send the email again, please?  |

---

## まとめ

- **Could** は **can** の過去形ですが、依頼の表現として使う場合は「より丁寧に聞こえる」という役割を持ちます。  
- 「Can you …?」がカジュアルな依頼なのに対し、「Could you …?」にすると相手に対して礼儀正しい印象を与えることができます。  
- ビジネスシーンや少し改まった場面での依頼には「Could you …?」が便利です。  

ぜひ、相手やシチュエーションに応じて、適切な表現を使い分けてみてください。",Could you repeat that?,もう一度伺ってよろしいですか。,1,2023-08-20 23:44:45 +0900,2025-01-26 19:02:43 +0900
111,A2.1,Could I ...?,丁寧に許可を求めるときのCould I ~?,"## 「Could I ～?」の使い方

「Could I ～?」は、相手に許可を求めるときに使う英語表現の一つです。日本語では「～してもよろしいでしょうか？」というニュアンスになり、丁寧さが求められる状況でよく使われます。よりカジュアルな場面では「Can I ～?」を使うことが多いため、場面や相手との関係性に応じて使い分けることがポイントです。

---

### 1. 「Could I ～?」と「Can I ～?」の違い

| 表現      | ニュアンス                     | 使用シーン                                             |
|-----------|--------------------------------|--------------------------------------------------------|
| **Can I ～?**  | 「～してもいい？」　　　            | 友人や家族、親しい人との会話など、カジュアルな状況で使いやすい。 |
| **Could I ～?** | 「～してもよろしいでしょうか？」      | 上司や目上の人、あまり親しくない相手、フォーマルな場面に適している。   |

---

### 2. 具体例

1. **Could I open the window?**  
   （窓を開けてもよろしいでしょうか？）  
   → 丁寧に許可を求める場面。オフィスや会議など、席を同席している上司や取引先への確認に最適です。

2. **Could I speak to Mr. Smith?**  
   （スミスさんとお話ししてもよろしいでしょうか？）  
   → 電話やビジネスシーンでよく使われるフレーズ。初対面や目上の相手に丁寧に依頼する際に使います。

3. **Could I have a glass of water?**  
   （お水をいただけますでしょうか？）  
   → レストランや訪問先で丁寧にお願いするとき。

---

### 3. ポイント

- **より丁寧な質問**  
  「Can I ～?」でも許可を求める意味を表せますが、「Could I ～?」を使うとさらに丁寧な印象を与えます。ビジネスシーンや目上の人にお願いするとき、初対面の人に失礼のないよう尋ねたいときに適しています。

- **状況に合わせた使い分け**  
  フランクな友達同士で聞く場合、むしろ「Could I ～?」を使うとよそよそしい印象を与えることもあります。仲のいい友人との会話では「Can I ～?」が自然です。一方、正式な場面や丁寧さを重視したいシーン、英語圏でのビジネスやフォーマルなやり取りでは「Could I ～?」を選ぶとよいでしょう。

- **他の丁寧表現との組み合わせ**  
  「Could I ～?」だけでなく、文末に「please」を加えるとさらに柔らかく丁寧になります。例：「Could I have a glass of water, please?」

---

### 4. まとめ

- **カジュアル**: 「Can I ～?」  
  友人・家族・気心の知れた相手との会話にぴったり。

- **丁寧**: 「Could I ～?」  
  目上の人・あまり親しくない相手・ビジネスシーンで使い、礼儀正しい印象を与える。

場面や相手との関係性によって使い分けることで、相手に配慮したコミュニケーションをとることができます。英語でも日本語と同様、状況に合った丁寧さが求められますので、ぜひ意識して使ってみてください。",Could I make a reservation?,予約はできますか。,1,2023-08-20 23:44:45 +0900,2025-01-26 19:03:20 +0900
117,A2.1,過去進行形,（そのときまさに）～しているところだった,"以下では、過去進行形について、より詳しく、わかりやすく解説します。

---

## 過去進行形とは

過去進行形は、「be動詞の過去形 (was / were)」＋「動詞のing形 (現在分詞)」で構成され、過去のある特定の時点・期間にわたって継続して行われていた動作・状態を表します。

> 形：  
> (主語) + was / were + 動詞のing形

たとえば、  
- “I was studying English yesterday at 9 pm.”  
  （昨日の夜9時に私は英語の勉強をしていました）  
のように、「過去のある時点において連続していた動作」を表すものが過去進行形です。

---

## 意味とニュアンス

過去進行形は、「その時まさに〜しているところだった」「〜している最中だった」というニュアンスを伝えます。過去形で「〜した」の一時的な事実を伝えるだけでなく、そのときの動作の“継続している様子”に焦点を当てたい場合に使われます。

- 単純過去形 (I studied.)  
  → 過去のある時点に「勉強した」という事実を表す。  
- 過去進行形 (I was studying.)  
  → 過去のある時点に「勉強している最中だった（途中だった）」という連続的な状態を強調。

---

## 具体的な例文

1. I was reading a book when you called me.  
   （あなたが電話をかけてきたとき、私は本を読んでいる途中でした）  

2. We were watching a movie at 8 pm last night.  
   （私たちは昨夜の8時に映画を見ているところでした）  

3. He was sleeping while I was working on the project.  
   （私がそのプロジェクトに取り組んでいる間、彼はずっと寝ていました）

---

## よく使われるシチュエーション

1. 「〜している最中に別の出来事が起こった」
   - 接続詞 when や while と一緒に使われることが多い。  
     例：I was cooking dinner when the phone rang.  
       （電話が鳴ったとき、私は夕食を作っている最中でした）

2. 「過去のある時点で動作が持続していた」
   - 時間を示す副詞（at that time, at 7 o’clock 等）とともに用いられ、特定の過去の瞬間に継続して行われている表現をする。  
     例：At 7 o’clock yesterday, they were running in the park.  
       （昨日の7時に、彼らは公園を走っていました）

3. 「同時進行していた２つの動作」
   - while を使って、過去の同じ時間帯に並行して進行していた場合に使う。  
     例：I was studying English while my brother was listening to music.  
       （私が英語の勉強をしている間、弟は音楽を聴いていました）

---

## 過去進行形と併せて覚えたいポイント

1. 進行形にできない動詞  
   - “like, know, understand, love” など、状態や感情、知覚を表す動詞は進行形にしないことが多い（ただし一部例外もあります）。

2. 状況に応じた使い分け  
   - 過去進行形は「あのとき連続していた最中だった」という背景を詳しく説明する際に効果的です。一方、「短い動作」「一瞬で終わる行為」を強調したい場合は、単純過去形を使います。

---

## まとめ

- 過去進行形の形：  
  → (主語) + was / were + 動詞のing形

- 主な意味：  
  → 過去の特定の時間や期間に「継続していた動作・状態」を表す。

- 使う場面：  
  1. 過去に起こった出来事や動作の「最中」に別の出来事が起こった場合。  
  2. 過去のある時点で何かをしている状態を強調したい場合。  
  3. 2つの動作が同時進行していたとき。

過去進行形を使うことで、過去の出来事の背景や臨場感をより豊かに伝えることができます。単純過去形との使い分けを意識しながら、ぜひ会話や文章に取り入れてみてください。",A dog was running.,いぬが走っていた。,1,2023-08-20 23:44:45 +0900,2025-01-26 19:03:21 +0900
130,A2.2,not as ... as (否定文),同等比較as...asの否定文,"以下の解説は、マークダウン形式でなるべく詳しく、わかりやすく書いたものです。参考にしてみてください。

---

## 否定文で使う「not as 形容詞/副詞(原級) as」の構文とは？

「AはBほど◯◯ではない」といった意味を表すときは、次の形を使います。

> not + as + 形容詞/副詞の原級 + as

ここで重要なのは、**形容詞/副詞は必ず原級（変化していない元の形）**を使うという点です。比較級や最上級は用いないので注意しましょう。

### 例文

1. I am **not as tall as** my brother.  
   → 「私は兄ほど背が高くない」
2. She does **not run as fast as** her sister does.  
   → 「彼女は姉（妹）ほど速く走らない」
3. This book is **not as interesting as** that one.  
   → 「この本はあの本ほど面白くない」

---

## ポイント解説

1. **「同じ程度ではない」ことを表す**  
   肯定文の “as + 形容詞/副詞(原級) + as ...” は「…と同じくらい◯◯だ」という意味でしたが、  
   その前に “not” を付けると「…と同じくらい◯◯ではない」となるので、「AはBほど～ではない」という含みがあります。

2. **形容詞・副詞は必ず「原級」**  
   比較級 (taller, faster など) や最上級 (tallest, fastest など) は使えません。  
   必ず “tall, fast” などの原級を挟むのがルールです。

3. **「so ... as」の形も**  
   古い文体やより形式的な文などでは “not so + 形容詞/副詞(原級) + as” が使われることもあるので、  
   見かけたら「not as ... as」と同じ意味であると理解しましょう。

4. **“as” の品詞に注意**  
   「as」は接続詞や前置詞のはたらきをする場合もあり、意味が大きく変わることがあります。  
   ここで紹介している「as」は比較表現で使うものであり、両方の “as” はペアで使われています。

---

## 使いこなしのヒント

- **強調したいとき**: 「not quite as ... as」などと表現して、ニュアンスを細かく表せます。  
  例: “She is not quite as tall as her sister.”  
  → 「彼女は姉ほど背が高いわけではない(が、そこそこ近い)」

- **比較対象を補足するとき**: 比較対象が省略されることもありますが、明確にしたほうが誤解が少なくなります。  
  例: “He is not as honest as you think.”  
  → 「彼はあなたが思うほど正直ではない」

以上が「not as 形容詞/副詞(原級) as」の詳しい解説です。形容詞や副詞の変化形や他の比較表現との違いにも注意しながら使いこなしましょう。",I guess I'm not as smart as you.,僕は君ほど優秀じゃないようです。,1,2023-08-20 23:44:45 +0900,2025-01-26 19:04:36 +0900
129,A2.2,as ... as (肯定文・疑問文),同等比較の as .... as,"以下では、いわゆる「as ... as」構文（肯定文・疑問文）について、より詳しく、わかりやすく解説します。

---

## 「as ... as」構文の基本形

「as ... as」構文は、次のような形をとります。

> as + [形容詞／副詞の原級] + as

「…と同じくらい○○だ」という意味で、２つのものや人の性質・状態・動作が“同等”であることを表します。

### 例文

- (肯定文)  
  I am as tall as my brother.  
  （私は兄［弟］と同じくらい背が高いです。）  

- (疑問文)  
  Is this place as quiet as the library?  
  （ここは図書館と同じくらい静かですか？）  

> ★ポイント  
> ・比較する対象の性質や動作が「同じ程度」であることを強調するのが「as ... as」構文です。  
> ・[形容詞／副詞] は必ず「原級（変化していない元の形）」を用います。

---

## 肯定文での使い方

肯定文では、「A is as 形容詞／副詞(原級) as B.」という書き方で、「AはBと同じくらい～である」という意味になります。表示したい性質が形容詞なら「形容詞の原級」を、副詞なら「副詞の原級」を使います。

### 例文

- She runs as fast as her coach.  
  （彼女はコーチと同じくらい速く走る。）  
- This smartphone is as popular as that one.  
  （このスマートフォンはあのスマートフォンと同じくらい人気がある。）

> ★ポイント  
> ・「形容詞／副詞の原級」を必ず用いる。  
> ・「AはBと同じくらい～だ」という「同等比較」を示す。

---

## 疑問文での使い方

疑問文では、be動詞や助動詞を文頭に持ってきて「Is A as 形容詞 as B?」「Does A 動詞 as 副詞 as B?」という形にします。相手に「AはBと同じくらい～ですか？」と尋ねる表現です。

### 例文

1. (be動詞を使う場合)
   - Is she as busy as her boss?  
     （彼女は上司と同じくらい忙しいのですか？）  

2. (一般動詞を使う場合)
   - Does he speak English as well as you do?  
     （彼はあなたと同じくらい上手に英語を話しますか？）

> ★ポイント  
> ・疑問文の場合、「be動詞／助動詞＋主語＋as + 原級 + as …?」の形を意識する。  
> ・相手に「同じくらいかどうか」をたずねる表現。

---

## 「as ... as」でよく使われるパターン

1. as + 形容詞 + as ～  
   - 意味：形容詞が表す性質（美しさ、大きさ、重要性など）を同程度であると示す。  

2. as + 副詞 + as ～  
   - 意味：副詞が表す動作や状態（速さ、上手さなど）を同程度であると示す。  

> ★例文  
> - The movie was as exciting as I expected.（その映画は私が期待していたと同じくらいわくわくしました。）  
> - They sang as beautifully as a professional choir.（彼らはプロの合唱団と同じくらい美しく歌いました。）

---

## 「as ... as」構文を使うときに気をつけること

1. 形容詞・副詞は必ず原級を使う  
   比較級（taller, bigger など）や最上級（the tallest, the biggest など）を使わないことに注意しましょう。

2. 比較対象を明確にする  
   「A is as ◯◯ as B.」のB部分で比較対象をはっきり示すことで、意味が伝わりやすくなります。

3. 文脈によっては「just」「almost」などの副詞を補足する  
   - just as ... as ～: 「まったく同じくらい～」  
   - almost as ... as ～: 「ほとんど同じくらい～」  
   といったニュアンスを加味できます。

---

## まとめ

- 「as ... as」構文は、「AはBと同じくらい～だ」と同等関係を示す表現。  
- 形容詞・副詞は「原級」を必ず使用。  
- 肯定文では「A is as 形容詞／副詞(原級) as B.」の形。  
- 疑問文では「Is A as 形容詞(原級) as B?」などの形で相手に程度が同じかを尋ねる。  
- 「as just ... as」「almost as ... as」などの副詞を加えると、より細かいニュアンスを表せる。  

「as ... as」構文は英語の比較表現の中でもよく使われる基本形なので、しっかりと覚えておきましょう。",Please come as soon as possible.,どうかできるだけ早く来てください。,1,2023-08-20 23:44:45 +0900,2025-01-26 19:04:55 +0900
135,A2.2,Shall we ...?,「（一緒に）～しましょうか」と申し出る,"以下の解説は「Shall we ～?」という表現について、なるべく詳しく、わかりやすくまとめたものです。

---

## 「Shall we ～?」の意味と使い方

「Shall we ～?」は、相手に「（一緒に）～しようか？」と提案・勧誘するときに使うフレーズです。たとえば「Shall we dance?（一緒に踊りましょうか？）」のように、軽やかに相手を誘うニュアンスがあります。日本語では「～しない？」「～しようか？」といったニュアンスに近い表現です。

### 「Let's ～！」との書き換え

「Shall we ～?」は「Let's ～！」とほぼ同じ意味になりますが、以下のような違いがあります。

1. 「Shall we ～?」  
   - （質問文の形をとって）相手に提案し、同意を求めるイメージ。  
   - 少し丁寧でフォーマルな響きがある。  
   - 選択肢を相手に与えている感じが強い。

2. 「Let's ～!」  
   - （命令文に近い形で）相手を含めた複数人（自分も含む）の行動を提案。  
   - カジュアルで、直接的に「～しよう！」と呼びかけるニュアンスが強い。  
   - 相手の意思を確認するというよりは、自分が主体的に提案しているイメージ。

どちらも「（一緒に）～しよう」という意味ですが、やや丁寧に誘いたいときは「Shall we ～?」を使うとよいでしょう。

---

## 例文

- Shall we go for a walk?  
  （一緒に散歩しませんか？ → Let's go for a walk!）

- Shall we watch a movie tonight?  
  （今夜映画を見ませんか？ → Let's watch a movie tonight!）

- Shall we start the meeting?  
  （会議を始めましょうか？ → Let's start the meeting!）

---

## 使い分けのポイント

1. フォーマル度合い  
   - ビジネスシーンや改まった場面で、相手に丁寧に提案したいときに「Shall we ～?」を使うが、必ずしも堅苦しいわけではない。  
   - カジュアルな日常会話や友達同士であれば「Let's ～」を使うほうが自然な場合も多い。

2. 相手の意思確認  
   - 「Shall we ～?」では、提案しながらも「どう思う？」と相手の同意を確認するニュアンスがある。  
   - 「Let's ～」は「さあ、～しよう！」とこちらの提案をそのままスタートするイメージ。

3. アメリカ英語とイギリス英語の違い  
   - イギリス英語のほうが「Shall we ～?」を好んで使う傾向が強い。アメリカ英語では少しフォーマルな印象を与えることがある。  
   - ただし、どちらの地域でも意味は問題なく通じる。

---

## まとめ

- 「Shall we ～?」は、相手にやや丁寧に「一緒に～しようか？」と提案するフレーズ。  
- 「Let's ～!」とほぼ同じ意味だが、フォーマル感や相手への確認のニュアンスを含む。  
- 場面や相手との関係に応じて使い分けると、自分の発言に幅を持たせることができる。

このように、「Shall we ～?」を使いこなせると、自然で丁寧な誘い方を表現できるようになります。ぜひ日常会話やビジネスシーンで試してみてください。",Shall we go?,行きましょうか。,1,2023-08-20 23:44:45 +0900,2025-01-26 19:05:16 +0900
23,A1.1-A2.2,文型: 主語+動詞+目的語,第三文型,"以下では、「主語 + 動詞 + 目的語」で構成される文型について、なるべく詳しく解説します。

---

## 「主語 + 動詞 + 目的語」の文型とは
この文型は、英語で最もよく見られる文型の一つで、英語の文法書などでは “SVO” (Subject + Verb + Object) と表されることが多いです。ここでの動詞は「他動詞」とよばれ、必ず動作の対象となる「目的語」をとります。

### 主語(Subject)
文の主体を示し、「誰が」「何が」という情報を伝えます。英語では、主語は名詞や代名詞、名詞句などで表されることがほとんどです。

例:  
- I (私)  
- My sister (私の姉/妹)  
- The teacher (その先生)

### 動詞(Verb)
「どのような動作をするか」を示します。この文型で使われる動詞は「他動詞」であり、目的語がなければ文が完全な意味をなさない点が特徴です。

例:  
- know (知っている)  
- read (読む)  
- like (好む)  

### 目的語(Object)
動詞の動作の対象となる語です。多くの場合、名詞や代名詞が目的語として使われます。

例:  
- him (彼を/彼に)  
- a book (本を)  
- dogs (犬を)

---

## 例文で確認
- I know him.  
  - I (主語) + know (動詞) + him (目的語)  
  - 「私は彼を知っています。」という意味になります。「know」は他動詞のため、「誰を知っているのか」を目的語で示しています。

- She reads a book.  
  - She (主語) + reads (動詞) + a book (目的語)  
  - 「彼女は本を読みます。」になり、「read」も他動詞なので「何を読むのか」を目的語が示します。

- They like dogs.  
  - They (主語) + like (動詞) + dogs (目的語)  
  - 「彼らは犬が好きです。」の意味で、「like」は「何を好きなのか」を目的語によって明確に伝えています。

---

## ポイントまとめ
1. 動詞が他動詞: 目的語がなければ文が成立しない。  
2. 目的語の位置: 英語では、基本的に動詞の直後に目的語が続く。  
3. 自動詞との違い: 自動詞は目的語を必要としない(SVの形をとる)ため、見分ける際には辞書などで他動詞か自動詞かを確認するとよい。  

この文型は、会話や文章で「誰が」「何をしたのか」をはっきりと表す基本的な形です。英語を理解・運用するうえで、最もよく使う文型の一つなので、しっかり押さえておくと便利です。",I can play soccer.,私はサッカーをすることが出来ます。,1,2023-08-20 23:44:45 +0900,2025-01-26 18:53:23 +0900
22,A1.1-A2.2,文型: 主語+動詞,第一文型,"## 第一文型: 主語 + 動詞

第一文型は、文の基本的な構造の一つで、「主語（Subject）+ 動詞（Verb）」で成り立つ文型です。ここで使われる動詞は、目的語を必要としない**自動詞 (intransitive verb)**に限られます。

### 特徴
1. **目的語をとらない**  
   主語が行う動作や状態を示すのに十分であり、追加で何かを「～する相手」や「～されるもの」を必要としません。

2. **動詞が自動詞**  
   自動詞とは、その動詞だけで意味が完結する動詞のことです。目的語をとらなくても文として成立します。

### 例文

- **I swim.**  
  - 「私が泳ぐ」  
  - 主語：I（私）、動詞：swim（泳ぐ）  
  - 自動詞の **swim** は「泳ぐ行為」を表しており、ほかに目的語を伴わなくても文が成り立ちます。

- **He runs.**  
  - 「彼は走る」  
  - 主語：He（彼）、動詞：runs（走る）  
  - 自動詞の **run** は「走る行為」を表し、目的語を必要としません。

- **Birds fly.**  
  - 「鳥は飛ぶ」  
  - 主語：Birds（鳥）、動詞：fly（飛ぶ）  
  - 自動詞の **fly** は「飛ぶ行為」を表し、目的語をとりません。

### 補足情報

- **副詞や修飾語で情報を追加する**  
  第一文型の文は目的語をとらない分、必要に応じて副詞や「場所・時間」を示す表現を加えて詳しく描写できます。例えば、  
  - “I swim in the pool every morning.”（私は毎朝プールで泳ぎます）  
  - この場合も依然として「主語 + 動詞」の構造が中心となり、追加情報として「場所（in the pool）」や「時（every morning）」が加わっています。

- **第一文型を理解する意義**  
  英文法の基本である「五文型」の理解は、英語の構文を正しく使いこなす上でとても重要です。特に第一文型は簡潔な分だけ紛らわしさが少なく、英語学習の入り口として学習しやすい文型です。

第一文型を正しく身につけることは、英語の文章をシンプルに組み立てる第一歩になります。目的語を必要としない動詞（自動詞）に注目して、まずは短い文から慣れていきましょう。",Naoko swims.,直子さんは泳ぎます。,1,2023-08-20 23:44:45 +0900,2025-01-26 18:53:42 +0900
80,A1.3-A2.1,助動詞: be going to,「～するつもりだ」を表すbe going to,"以下では「be going to」の意味や使い方を、より詳しく、わかりやすく解説します。

---

## 1. 「be going to」の意味

“be going to + 動詞の原形” は、
- 「～するつもりだ」  
- 「～しようとしている」  
- 「（ほぼ確実に）～になる」  

といった未来を示す表現で、話し手の意思・予定や、高い確信を伴う未来の出来事を表します。

---

## 2. 形としてのポイント

“be going to” は「助動詞のようなまとまり」として考えます。  
下の例文では、be を主語によって変化させ（am / are / is）、その後に「going to + 動詞の原形」を続けます。

### 例文
- I am going to study English tonight.  
  （私は今夜英語を勉強するつもりです。）  
- They are going to travel to France next month.  
  （彼らは来月フランスに旅行に行く予定です。）  
- She is going to be a teacher.  
  （彼女は教師になるつもりだ。）  

---

## 3. 「be going to」と「will」の違い

同じ未来を表す “will” との主な違いを知っておくと、より使い分けがわかりやすくなります。

- “be going to”  
  ・すでに計画がある場合や、確実性が高い未来の出来事を表す。  
  ・「～するつもり」「～する予定」といった意味合いが強い。

- “will”  
  ・その場の思いつきや主観的な予想、一般的な未来の話をする場合に使うことが多い。  
  ・「～するだろう」というニュアンスが強い。  

ただし、実際の会話では、あえて区別しないで使うことも多いため、文脈に応じて理解することが大切です。

---

## 4. まとめ

1. “be going to + 動詞の原形” は未来を表し、「～するつもり」「～する予定」というニュアンスを持つ。  
2. 主語によって be 動詞（am / are / is）を変えた上で “going to + 動詞の原形” を続ける。  
3. “will” と比べると、確定度の高い未来の計画や意思を表す際に用いられる。  

このように、「be going to」を使えば、話し手がすでに計画している未来の行動や確信のある未来の出来事を、自然に表現することができます。",He is going to be an engineer.,彼はエンジニアになるつもりです。,1,2023-08-20 23:44:45 +0900,2025-01-26 18:58:34 +0900
96,A2.1,myself/yourself/himself/herself/ourselves/themselves,「～自身」を表す再帰代名詞,"以下では、再帰代名詞 (*reflexive pronouns*)「myself / yourself / himself / herself / ourselves / themselves」について、より詳しく、わかりやすく説明します。

---

## 1. 再帰代名詞とは

再帰代名詞は、**「…自身を（に）」** という意味を表す代名詞です。  
もともとの人称代名詞（I, you, he, she, we, they）の所有格や目的格に「-self」(単数) または「-selves」(複数) を付けて作られます。

| **主語** | **再帰代名詞**     | **例文**                                     |
|:---------|:-------------------|:---------------------------------------------|
| I        | myself            | I cut myself. <br>（私は自分を切ってしまった）|
| you      | yourself          | You should take care of yourself. <br>（自分の体を大事にしないと）|
| he       | himself           | He hurt himself playing football. <br>（彼はサッカーをしていて自分を痛めた）|
| she      | herself           | She saw herself in the mirror. <br>（彼女は鏡に映った自分を見た）|
| we       | ourselves         | We introduced ourselves. <br>（私たちはお互い自己紹介した）|
| they     | themselves        | They prepared themselves for the trip. <br>（彼らは旅行の準備をした）|

---

## 2. 再帰代名詞の主な使い方

### (1) 「主語」＝「目的語」を表すとき
同じ文の中で、主語が示す人物（またはもの）が **自分自身を目的語とする** ときに再帰代名詞を使います。

> 例:  
> - I cut myself with a knife.  
>   （私はナイフで自分を切ってしまった）  
> - The cat washed itself.  
>   （その猫は自分自身をなめてきれいにした）  

このように、動作を行う人や物と、それを受ける対象が同一である場合に使用します。

### (2) 強調表現としての使い方
再帰代名詞は、動作主（主語）を **強調** したいときにも使われます。  
この場合、再帰代名詞を省略しても文として成立しますが、強調のニュアンスが失われます。

> 例:  
> - I did it myself.  
>   （私はそれを自分でやった）  
>   - 「自分でやったのだ」という強い主張を伝える  
> - The CEO himself made an announcement.  
>   （CEO自身が発表を行った）  
>   - CEO以外ではなく、CEO本人が行ったことを強調  

### (3) 「by + 再帰代名詞」で「独力で〜する」という意味
「by + 再帰代名詞」の形で、 **「誰の助けも借りずに、独力で」** という意味を表します。

> 例:  
> - I solved the problem by myself.  
>   （私はその問題を独力で解いた）  
> - He traveled by himself.  
>   （彼は一人で（=自力で）旅をした）  

---

## 3. 使い方の注意点

1. **人称と数に注意する**  
   - “myself” は **1人称単数**、 “ourselves” は **1人称複数** などのルールに従って使います。  

2. **強調対象を間違えない**  
   - 「I myself did it.」のように、文中では強調する要素のすぐ後ろに再帰代名詞を置くことが多いです。

3. **他の目的語と混同しない**  
   - 「I taught me.」とは言わずに「I taught myself.」とします。  
   - 主語と目的語が同一人物の場合は、必ず再帰代名詞を用います。

---

## 4. 例文まとめ

- They enjoyed themselves at the party.  
  （彼らはパーティーで楽しんだ）  
- She made the cake herself.  
  （彼女が自分でケーキを作った）  
- We can finish this project by ourselves.  
  （私たちはこのプロジェクトを自力で終わらせることができる）  

---

以上が再帰代名詞に関するより詳しい解説です。主語と目的語が同じ人物や対象を示すとき、または強調したいときなどに使われることをしっかり押さえておきましょう。",I talk to myself.,独り言をいいます。,1,2023-08-20 23:44:45 +0900,2025-01-26 19:00:21 +0900
53,A1.2-A2.2,助動詞: will,未来を表すwill,"## 助動詞「will」の使い方

「will」は英語の助動詞の一つで、動詞の原形と組み合わせて「未来の出来事」「意志」や「推測」などを表します。以下では、その主な用法と意味をより詳しく説明します。

---

### 1. 未来を表す
- **単純な未来**  
  「これから起こる予定のこと」をシンプルに述べる際に使います。  
  例:  
  - I will go to the park tomorrow.  
    （明日公園に行くつもりです。）  
  - They will travel to France next month.  
    （彼らは来月フランスへ旅行する予定です。）

- **その場で決めた未来**  
  話している最中に「今決めた！」という意志を表すときも「will」が使われます。  
  例:  
  - “The phone is ringing.” – “I’ll answer it!”  
    （「電話が鳴ってるよ」―「私が出るね！」）

---

### 2. 意志・意思表示
- **強い意志を表す場合**  
  「～するつもりだ」「必ず～する」という強い意志を示すときに使います。  
  例:  
  - I will study harder to pass the exam.  
    （試験に合格するために、もっと熱心に勉強するつもりです。）  
  - We will clean up the house before our guests arrive.  
    （ゲストが来る前に、私たちは必ず家を片付けます。）

---

### 3. 推測・予想を表す
- **「～するだろう」と予想する場合**  
  「will」は未来のことを単に述べるだけでなく、「こうなるだろう」と推測するニュアンスを伝えるときにも用いられます。  
  例:  
  - It will probably rain tomorrow.  
    （明日は雨が降るだろう。）  
  - I think she will get the job easily.  
    （彼女はその仕事に簡単に受かるだろうと思う。）

---

### 4. その他の使い方
- **勧誘や依頼**  
  疑問文にすることで、依頼や勧誘に使うことができます。  
  例:  
  - Will you help me with this project?  
    （このプロジェクトを手伝ってくれませんか？）  
  - Will you join us for dinner?  
    （一緒に夕食を食べませんか？）  

- **習慣・習性を表す場合（文語的表現）**  
  「will」は文脈によって、現在の習慣や癖を表す場合もあります（ただしやや文語的）。  
  例:  
  - He will often talk about his travels.  
    （彼はよく旅行の話をするものです。）

---

### 5. 例文まとめ

| 用法             | 例文                                                   | 日本語訳                                      |
|------------------|--------------------------------------------------------|-------------------------------------------------|
| 未来             | I will meet my friend next Friday.                     | 来週の金曜日に友達に会うつもりです。           |
| その場の決断     | “It’s hot in here.” – “I’ll open the window.”          | 「ここは暑いね」―「窓を開けるよ。」            |
| 強い意志         | I will never give up on my dreams.                     | 夢を決してあきらめないつもりです。            |
| 推測             | He will be hungry after such a long journey.           | そんなに長い旅をしたら、彼はお腹が空いているでしょう。 |
| 依頼             | Will you help me move this table?                      | このテーブルを動かすのを手伝ってくれますか？  |

---

### 6. 「be going to」との違い
- 「will」は話しているその場での意志決定や、推測・予想を表すニュアンスが強いです。  
- 「be going to」は「すでに計画していたこと」を示す際に使われることが多いです。

---

以上のように、「will」は未来を表すだけでなく、強い意志やその場での決断、推測や依頼など、さまざまな要素を伝える上で重要な助動詞です。ぜひ文脈や状況に合わせて使い分けてみてください。",I will go if I must.,行かねばならないのなら行きます。,1,2023-08-20 23:44:45 +0900,2025-01-26 18:56:22 +0900
97,A2.1,Do+命令文,命令文の強調,"以下では、英語の「Do＋命令文」を使う場合のポイントを詳しく解説します。

---

## 「Do + 命令文」とは？
英語の命令文（「～しなさい」「～して」）に **do** を加えると、「ぜひ～して」「どうか～してほしい」というように、行為を強調したり、強く勧めたりするニュアンスが生まれます。元々の命令文に「do」が加わることで、より丁寧かつ熱意を込めて相手に行動を促す表現になります。

---

## 使い方と特徴

1. **構文**  
   命令文の前に **do** を置くだけでOKです。  
   例：  
   - 通常の命令文 → “Come here.”（ここに来て）  
   - 強調した命令文 → “Do come here.”（ぜひここに来て）  

2. **意味合い**  
   「ぜひ」「どうか」「どうぞ」といった、より強く行動を勧めたり、相手が遠慮しないよう促すイメージを加えられます。単なる命令というよりも、相手の行動を歓迎しているニュアンスが強い表現です。

3. **丁寧・親しみのある語感**  
   「Do + 命令文」はフレンドリーな場面や、相手に遠慮なく何かをしてほしいときに使われます。一方で、フォーマルな文書やビジネスの場面では、ほかの表現方法（“Please…”など）で伝える場合も多いです。

---

## 例文

- **Do come in!**  
  「どうぞお入りください！」  
   → 通常の “Come in!” よりも「ぜひ入って！」という歓迎度が強くなります。

- **Do have a seat.**  
  「どうぞお座りください。」  
   → 相手をもてなす丁寧なニュアンスが加わっています。

- **Do let me know if you need anything.**  
  「何か必要があれば遠慮なく言ってね。」  
   → 相手に気兼ねなくお願いしてほしい気持ちを強調します。

---

## まとめ
「命令文」だけでも相手に行動を促すことはできますが、前に **do** を加えることで「ぜひこうしてほしい」「遠慮なくそうしてほしい」という強い気持ちを込められます。丁寧さと親しみを両立させながら、相手の行動を積極的に歓迎したいときに使える便利な表現です。","If the film is on at your place, do go and see it.",その映画をそちらでやっていたら、ぜひ見た方がいいですよ。,1,2023-08-20 23:44:45 +0900,2025-01-26 19:00:16 +0900
98,A2.1,let's not+動詞,「～しないようにしましょう」,"以下の解説は「let's not + 動詞」の使い方をより詳しく説明したものです。参考にしてください。

---

## 「let's not + 動詞」の意味と使い方

### 意味
- 「let's not + 動詞」は「～しないようにしよう」「～するのはやめよう」という意味で、相手に対して行動を控えるように提案・勧誘する表現です。  
- 「let’s not」のあとには、実際に行わないようにしたい動作を表す「動詞の原形」を続けます。

### 例文
1. Let's not argue about this.  
   - （このことについて議論するのはやめましょう。）
2. Let's not forget to lock the door.  
   - （ドアに鍵をかけるのを忘れないようにしましょう。）
3. Let's not waste time.  
   - （時間を無駄にしないようにしましょう。）

### ポイント
1. 「let’s not + 動詞」の形は、否定文を使って相手と一緒に「～しないこと」を決める・提案する際に使われます。肯定形の「Let's + 動詞」が「～しよう」という提案なのに対し、こちらは「～しないようにしよう」と相手に呼びかけます。  
2. 「Do not let’s ~」のような形は英語としては誤りなので、必ず「Let's not ~」の形で使いましょう。  
3. 話し手だけではなく、聞き手も含めた複数人を主語にしている、いわゆる「相手に呼びかける」文なので、一人で独立して決めたりする表現ではなく「一緒に何かをしない・気をつける」というニュアンスが出ます。

---

「let's not + 動詞」は、会話や日常表現でよく使われる便利なフレーズでもあります。「～しないようにしよう」と相手を含めた行動を止める、あるいは控える提案をする際に、自然に使いこなせるように練習してみましょう！",Let's not talk to her.,彼女に話しかけるのはよそう。,1,2023-08-20 23:44:45 +0900,2025-01-26 19:00:22 +0900
55,A1.2-A2.2,動詞+to不定詞,後ろにto不定詞を取る動詞,"以下に、元の解説をより詳しく、わかりやすく修正したものを示します。

---

## 動詞 + to 不定詞 のルールについて詳しく解説

### 1. 動詞の後ろに続く形の種類
英語の動詞の中には、その動詞の後ろにどのような形（to 不定詞や -ing 形など）を取るかが決まっているものがあります。具体的には、次の3つのタイプに分けられます。

1. 後ろに **to 不定詞** だけを取る動詞  
2. 後ろに **-ing 形** だけを取る動詞  
3. **to 不定詞 と -ing 形** の両方を取るが、意味やニュアンスが変わる動詞  

たとえば「want」は “I want to go.”（行きたい）というように、必ず後ろに **to 不定詞** を取ります。一方で「enjoy」は “I enjoy playing tennis.”（テニスをするのを楽しむ）というように、必ず後ろに **-ing 形** を取ります。

### 2. 動詞ごとに覚える必要性
「どの動詞が to 不定詞を取るのか、どの動詞が -ing 形を取るのか」は、原則としてそれぞれの動詞ごとに決まっています。そのため、最終的には一語一語辞書などで確認したり、実際の例文から慣れることが大切です。英語学習の過程で、以下のようにカテゴリーごとにまとめて覚える方法も有効でしょう。

- 後ろに to 不定詞 を取る動詞 (例: want, hope, plan, decide, refuse など)
- 後ろに -ing 形 を取る動詞 (例: enjoy, finish, avoid, mind, consider など)
- 両方取るが意味やニュアンスが変わる動詞 (例: stop, remember, forget など)

### 3. to 不定詞を取る主な動詞
to 不定詞を取る代表的な動詞として、以下のようなものがあります。

- **want**  
  例: “I want to eat pizza.”（ピザを食べたい）
- **hope**  
  例: “I hope to see you soon.”（近いうちに会いたいです）
- **refuse**  
  例: “She refused to help us.”（彼女は私たちを手伝うのを断った）
- **plan**  
  例: “We plan to travel to Europe next year.”（私たちは来年ヨーロッパへ旅行する予定です）
- **decide**  
  例: “He decided to study abroad.”（彼は留学することを決めた）

これらの動詞のポイントは、「まだ起こっていないこと」や「これから実行する行動」を示したいときによく使われる、ということです。to 不定詞には「未来を指向するニュアンス」が含まれていると考えると覚えやすいでしょう。

### 4. まとめ
- 英語の動詞は、後ろに何を取るかが決まっているものが多い。  
- 特に “動詞 + to 不定詞” を取る動詞、 “動詞 + -ing 形” を取る動詞、その両方を取る動詞に分かれている。  
- to 不定詞を取る動詞には「したい」「することを望む」など、未来志向の意味合いが強い場合が多い。  
- confusing な例外もあるので、実際の文例や辞書の用例を確認しながら身につけることが重要。

このように、まずは **to 不定詞を取る動詞** のグループをひと通り覚えてから、-ing 形を取る動詞のグループ、さらには両方取れる動詞のグループを学習すると効率的です。自分で例文を書いてみたり、ネイティブの使用例を探してみたりして、徐々に慣れていきましょう。",I hope to become a singer.,私は歌手になりたい。,1,2023-08-20 23:44:45 +0900,2025-01-26 18:56:18 +0900
104,A2.1,感嘆文: What+名詞 ...!,「なんて～なんでしょう！」と感動を表す,"### 感嘆文の基本的な形と意味

英語の感嘆文には、大きく分けて下記の2つの形があります。いずれも「なんて～なんでしょう！」のような驚きや感嘆の気持ちを表します。

1. **What + (a[an] +) 形容詞 + 名詞 + S + V!**  
2. **How + 形容詞[副詞] + S + V!**

---

### 1. What を使った感嘆文

#### 形
What + (a[an] +) 形容詞 + 名詞 + S + V!

#### 意味
- 「なんて（形容詞）な（名詞）なんでしょう！」のように、驚きを込めて名詞を強調します。

#### ポイント
- 「a」や「an」が入るかどうかは、名詞の数や単数・複数形に左右されます。  
  例）  
  - 名詞が可算名詞の単数形なら、冠詞 (a/an) を入れることが多い  
    - What an interesting book this is!  
  - 名詞が複数形や不可算名詞なら、冠詞は不要  
    - What beautiful flowers they are!  
- この文型では、名詞に強く感嘆を示すのが特徴です。  

#### 例文
- What a beautiful day it is!  
  → なんて美しい日なんでしょう！  
- What delicious food you made!  
  → なんておいしい料理なんでしょう！

---

### 2. How を使った感嘆文

#### 形
How + 形容詞[副詞] + S + V!

#### 意味
- 「なんて（形容詞・副詞）なんでしょう！」のように、形容詞や副詞に対する感嘆を表します。

#### ポイント
- 形容詞の場合は、その性質や状態への感嘆を表す  
  - How beautiful she is!  
- 副詞の場合は、その動作の様子への感嘆を表す  
  - How quickly he runs!  

#### 例文
- How lucky you are!  
  → なんて幸運なのでしょう！  
- How well she sings!  
  → なんて上手に歌うのでしょう！

---

### 使い分けのイメージ

- **What** → 「モノやこと（名詞）を強調」して驚きを表す  
  例）What an amazing idea that is!（なんてすごいアイデアなんでしょう！）

- **How** → 「状態や様子（形容詞や副詞）」に対する驚きを表す  
  例）How amazing this idea is!（なんてすごいアイデアでしょう！）

どちらも「なんて～なんでしょう！」という感嘆のニュアンスは共通していますが、**強調したい部分が名詞か、それとも形容詞や副詞か**で使い分けると覚えやすいでしょう。

---

### まとめ

1. 「**What + (a/an) + 形容詞 + 名詞 + S + V!**」は名詞を強調する感嘆文。  
   - 冠詞 (a/an) を入れるかどうかは名詞の単複や可算・不可算で決まる。  
   - 「なんて～な（名詞）なんでしょう！」と驚きを伝える。

2. 「**How + 形容詞[副詞] + S + V!**」は形容詞・副詞を強調する感嘆文。  
   - 「なんて～なんでしょう！」と、物事の性質・状態・様子に対する驚きを伝える。

これらの使い方を理解しておくと、英語で感情を豊かに表現できるようになります。普段目にしたり耳にしたりする英文の中から、「What」や「How」を使った感嘆文を探してみると、自然に使い方が身につきますよ。",What a wonderful idea!,実にすばらしい考えだ。,1,2023-08-20 23:44:45 +0900,2025-01-26 19:02:14 +0900
102,A2.1,関係副詞 (先行詞あり),先行詞で見分けられる4つの関係副詞,"以下では「関係副詞 (先行詞あり)」について、より詳しく、わかりやすい解説を示します。

---

## 1. 関係副詞とは？
英語には、主節と従属節を結びつける「関係詞」があります。そのうち、場所・時間・理由・方法などを表す「副詞」の役割を兼ねるものを「関係副詞」といいます。日本語では、しばしば「関係副詞」と呼ばれますが、英語の文法用語では “relative adverbs” と呼ばれることもあります。

### 1-1 関係代名詞との違い
- 関係代名詞 (who, whom, which, that など) は、先行詞が「人」か「モノ」かによって使い分けます。  
- 関係副詞 (where, when, why, how) は、先行詞が「場所」「時間」「理由」「方法」などを表すときに使います。

たとえば、先行詞が“the place” (場所を表す語) の場合は関係副詞として “where” を使います。

---

## 2. 関係副詞の種類と使い方
関係副詞には主に以下の4つがあります。それぞれ意味やイメージする場面が異なるので、先行詞を見極めるのがポイントです。

1. **where**  
   - 先行詞が「場所」を表す語 (place, house, town, country など) のときに使う。  
   - 例：This is the house where I was born.  
     →「ここが私が生まれた家です。」

2. **when**  
   - 先行詞が「時」を表す語 (time, day, year, moment など) のときに使う。  
   - 例：I’ll never forget the day when we first met.  
     →「私たちが初めて会った日のことは決して忘れない。」

3. **why**  
   - 先行詞が「理由」を表す語 (reason など) のときに使う。  
   - 例：I don’t understand the reason why he left so suddenly.  
     →「なぜ彼がそんなに急に辞めたのか理解できない。」

4. **how**  
   - 先行詞が「方法」を表す語 (way など) のときに使う。  
   - ただし **“the way how” のように重複して使わない**のが一般的。  
   - 例：This is the way (how) I solved the problem.  
     →「これが私がその問題を解いた方法です。」

---

## 3. 文構造のポイント
関係副詞節 (where などを使った節) の中は、以下の特徴があります。

1. **節としては「完全な文」になりやすい**  
   関係代名詞を使う節では、代名詞の役割をする語が抜けている(=不完全)ことが多いですが、関係副詞節の場合は、通常、主語と動詞がそろい「完全な文」になります。  
   例：I don’t know the place where they visited yesterday.  
   - where 以下は “they visited yesterday” と主語 (they) と動詞 (visited) がそろっており、完全な文になっています。

2. **前置詞＋関係代名詞（whichなど）の形で置き換え可能な場合もある**  
   たとえば “the place where” は “the place at which” のように書き換えられます。これは、「場所を表す at + which」という形です。ただし、話し言葉やカジュアルな文脈では **where** を使うのが自然です。  
   - 例：This is the city where I grew up.  
   - 書き換え：This is the city in which I grew up.

---

## 4. 具体例で学ぶ
文の理解を深めるために、具体的な例文をいくつか挙げてみましょう。

1. **場所を表す “where”**  
   - 例：Kyoto is the city where I spent my childhood.  
     - 意味：「京都は私が子ども時代を過ごした都市です。」

2. **時間を表す “when”**  
   - 例：Summer is the season when many people go to the beach.  
     - 意味：「夏は多くの人がビーチに行く季節です。」

3. **理由を表す “why”**  
   - 例：The reason why I’m studying English now is to travel abroad.  
     - 意味：「私が英語を勉強している理由は海外旅行に行くためです。」

4. **方法を表す “how”**  
   - 例：I was impressed by the way (how) she solved the puzzle.  
     - 意味：「私は彼女のパズルの解き方に感銘を受けた。」
   - “the way how” は重なるので、ふつうは使わないのが一般的です。

---

## 5. まとめ
- **先行詞が場所・時間・理由・方法を表す**ときは、関係副詞 (where, when, why, how) を使う。  
- 関係副詞が導く節は、文の構造としては「完全な節」が多い。  
- 場所や時間などの表現を“前置詞＋関係代名詞”で置き換えられる場合もあるが、口語や一般的な文では関係副詞を使う方が自然なことが多い。  
- 「the way (how)」のように重複しないよう注意する。

関係代名詞の場合と混同しないように、先行詞の意味が「どのような概念を示す語なのか」をしっかり見極めるのがポイントです。場所を示す語なら **where**、時なら **when**、理由なら **why**、方法なら **how**、というようにルールを押さえておくと、スムーズに使い分けができるでしょう。",Is this the place where the accident happened?,ここは事故が起こった場所ですか。,1,2023-08-20 23:44:45 +0900,2025-01-26 19:02:22 +0900
106,A2.1,WH-疑問文: Whose ...?,「誰のもの」を表す代名詞whose,"## Whose とは？
「Whose」は「誰のもの？」という所有者を尋ねるための疑問詞（所有格のWH疑問詞）です。疑問文では文頭に置き、たとえば「Whose pen is this?（これは誰のペンですか？）」のように使います。「Whose」には以下のような特徴や使い方があります。

---

## 1. 「Whose」の基本的な意味と位置
1. 「Whose」だけで「誰のものか」を尋ねる意味を持ちます。  
   - 例: Whose is this?（これは誰のものですか？）

2. 疑問文のときは通常、文頭に「Whose」を置くことで「誰の（物）か」を問う文を作ることができます。  
   - 例: Whose bag is on the table?（テーブルの上にあるのは誰のカバンですか？）

---

## 2. 名詞を伴うパターン
「Whose」は「Whose + 名詞」の形で使われることが多いです。この場合、後ろに所有されている物や対象を表す名詞が続きます。

- 例:  
  - Whose book is this?（これは誰の本ですか？）  
  - Whose umbrella did you borrow?（あなたは誰の傘を借りたのですか？）  

このように「Whose + 名詞」の形で具体的な物や事柄の持ち主を尋ねることができます。

---

## 3. 「Whose」の単独使用
名詞を伴わずに「Whose」だけで使う場合もあります。これは名詞が文脈から明確であるときなどによく用いられます。

- 例:  
  - A: Someone forgot to take this notebook.（誰かがこのノートを持って行き忘れたよ。）  
  - B: Whose?（誰の？）  

このように「Whose?」だけで「誰のもの？」という意味を表せます。

---

## 4. 回答例
「Whose」を使った疑問文に答えるときは、所有者を示す表現を使います。  
- 例:  
  - A: Whose umbrella is this?（これは誰の傘ですか？）  
  - B: It’s mine.（私のです。）  
  - B: It belongs to Tom.（トムのです。）

「mine」や「yours」などの所有代名詞を使えば、スムーズに答えることができます。

---

## まとめ
- 「Whose」は「誰のものか」を尋ねる疑問詞で、疑問文では文頭に置く。  
- 「Whose + 名詞」で「それは誰の○○ですか？」という形を作れる。  
- 名詞を省略して「Whose?」だけで「誰の？」とたずねることも可能。  
- 「Whose」を問われたら、「It’s 〇〇’s.」「It’s mine.」など所有者を示す言い方で答える。

「Whose」を使った疑問文に慣れることで、相手の持ち物について自然に尋ねられるようになります。ぜひ練習してみてください。",Whose is this bag?,これはだれのバッグですか。,1,2023-08-20 23:44:45 +0900,2025-01-26 19:02:40 +0900
24,A1.1-A2.2,WH-疑問文: How ...?,疑問詞howで始まる疑問文,"以下では「WH-疑問文: How ...?」について、より詳しく、わかりやすく解説します。

---

## 1. 「How」とは？

「how」は「どのようにして」「どのような状態で」「どんな風に」という意味を持つ疑問詞です。例えば、相手の行動や状態、その方法などを尋ねる際に使われます。疑問詞には「what」「which」「when」「where」など“wh”で始まる言葉が多いですが、「how」も同じように疑問文を作る際に用いられます。

### 例文
- How do you study English?  
  （どのように英語を勉強していますか？）
- How does this machine work?  
  （この機械はどのように動くのですか？）

上記の例のように、疑問詞「how」は動詞（study、work）と組み合わせて、方法や手段を尋ねることが多いのが特徴です。

---

## 2. 「How」と形容詞・副詞との組み合わせ

「how」は形容詞や副詞とも結びつき、「どのくらい～か」を尋ねる表現として使われます。以下に代表的なパターンを示します。

1. **How + 形容詞（または副詞）**  
   例：  
   - How big is your house?  
     （あなたの家はどのくらい大きいですか？）  
   - How fast can you run?  
     （どのくらい速く走ることができますか？）  

2. **How much + 名詞**  
   「どのくらい多い（量）」を尋ねる場合に用います。不可算名詞（量を数えられない名詞）と組み合わされることが多いです。  
   例：  
   - How much water do you drink in a day?  
     （1日にどのくらい水を飲みますか？）  
   - How much time do we have?  
     （どのくらい時間がありますか？）

3. **How many + 名詞**  
   「どのくらい多く（数）」を尋ねる場合に用います。可算名詞（数えられる名詞）と組み合わされます。  
   例：  
   - How many books do you read a month?  
     （1か月にどのくらい本を読みますか？）  
   - How many students are there in your class?  
     （あなたのクラスには何人の生徒がいますか？）

4. **How far + 距離や程度を表す言葉**  
   「どのくらい遠い」「どれほどの距離か」を尋ねるパターンです。  
   例：  
   - How far is it from here to the station?  
     （ここから駅までどのくらいの距離がありますか？）  
   - How far can you throw the ball?  
     （どのくらい遠くまでボールを投げられますか？）

5. **How long + 時間を表す言葉**  
   「どのくらいの期間」や「どのくらいの長さ」を尋ねるときにも使われます。  
   例：  
   - How long will you stay in Tokyo?  
     （東京にはどのくらいの期間滞在する予定ですか？）  
   - How long is this bridge?  
     （この橋はどのくらいの長さですか？）

---

## 3. 「How」の疑問文の作り方

通常、「how」の疑問文を作るときは以下の形が一般的です。

1. How + (形容詞 / 副詞 / much / many / far / long) + (主語) + (動詞) + ...?  
2. 直接「How + 動詞 + 主語 + ...?」という形で使うこともあります。

### 例文
- How **do you** study English?  
- How **does she** go to school every day?

助動詞（do, does, did など）やbe動詞（is, are, was, were など）を適切に使い、主語や動詞を続け、最後に残りの情報（目的語など）を置くのが基本です。

---

## 4. 「How」を使うときのポイント

1. **具体的な情報を求める場合は形容詞や副詞を活用する**  
   ただ「どんなふうに」と尋ねるだけでなく、「How long」「How far」「How much」「How many」などを使うことで、相手により具体的な答えを求めることができます。

2. **不可算名詞と可算名詞**  
   「How much」は不可算名詞（例えば“water”“money”“time”など）、「How many」は可算名詞（例えば“books”“people”“hours”）と組み合わせる違いに注意します。

3. **文脈に合った疑問文を使う**  
   「どのくらいの期間」を尋ねたい時には「How long」を使うように、文脈に合わせた表現を選ぶことが重要です。

---

## 5. まとめ

「How」は単に「どのようにして」という意味だけでなく、さまざまな形容詞や副詞と組み合わせて「どのくらい～か」という度合いを尋ねることができる便利な疑問詞です。上手に使い分けることで、英語で質問するときの表現の幅が広がります。ぜひ、会話や文章で積極的に活用してみましょう。",How can I solve this problem?,どうしたらこの問題を解決できますか？,1,2023-08-20 23:44:45 +0900,2025-01-26 18:53:43 +0900
112,A2.1,Why don't you ...?,提案やアドバイスをするときのWhy don't you ~?,"以下では、""Why don't you ～?"" の使い方について、より詳しく、わかりやすく説明します。

---

## ""Why don't you ～?"" の意味と使い方

""Why don't you ～?"" は、「～してみたらどうですか？」と提案やアドバイスをするときに使われる表現です。日常会話でよく使われるフレーズで、相手に負担をかけすぎず、やわらかいニュアンスでアドバイスすることができます。

### ポイント

1. 提案やアドバイスをする：  
   - 直訳すると「どうして～しないの？」という疑問形ですが、実際には「～してみてはどう？」という提案になります。  
   - 強い命令ではなく、比較的カジュアルに「おすすめだよ」と伝える印象があります。

2. 決まったパターンで覚える：  
   - ""Why don't you ～?"" のあとに動詞の原形をつなげるだけで簡単に提案ができます。  
   - 例：「Why don't you try this?（これを試してみたらどう？）」

3. 他の表現との違い：  
   - ""How about ～?"" や ""What about ～?"" は「～はどう？」という選択肢を示唆する表現ですが、""Why don't you ～?"" はもう少し「やってみては？」と相手を後押しするイメージがあります。

---

## 例文

1. Why don't you join us for dinner?  
   →「夕食を一緒にいかがですか？」  
   食事に誘うときに使える、とても自然なフレーズです。

2. Why don't you talk to your teacher about it?  
   →「そのことについて先生に話してみたらどう？」  
   進路や学習の悩みなどに対して、提案する場面で使えます。

3. Why don't you take a break for a while?  
   →「しばらく休憩してみたらどう？」  
   相手に休憩をすすめる、優しいアドバイスとして使うことができます。

---

## まとめ

""Why don't you ～?"" は、提案やアドバイスをやわらかく伝えるときに便利なフレーズです。英会話では頻繁に出てくる形なので、決まり文句として覚えておくと役に立ちます。実際の会話では相手との距離感やトーンを考慮しつつ、「～したらどう？」のニュアンスで、自信を持って使ってみてください。",Why don't you say it?,言ってみたらどうだ。,1,2023-08-20 23:44:45 +0900,2025-01-26 19:03:13 +0900
54,A1.2-A2.2,関係代名詞: 目的格の省略,目的格のみ省略できる,"以下では、関係代名詞の「目的格の省略」について、より詳しく、わかりやすく解説します。  
Markdown形式で書いていますので、適宜ご参照ください。

---

## 関係代名詞の目的格の省略とは

関係代名詞には主格・所有格・目的格がありますが、このうち「目的格」の関係代名詞（例: whom, which, that など）は、文の中で省略できる場合があります。省略してもしなくても文意は変わらないため、英語で文章を書くときによく用いられます。

---

## 目的格が省略できる理由

英語では、目的格の関係代名詞が使われる場面では、その代名詞が「文の目的語」として働いていることが多いです。  
例えば、以下の文を見てみましょう:

> I know the girl [whom] you met yesterday.  
> (昨日あなたが会った女の子を知っています)

ここで “whom” は「あなたが会った」の目的語にあたり、文としては以下の構造になっています:

- 主文: I know the girl  
- 従属節: (whom) you met yesterday

この “whom” は目的格なので、しばしば省略されて次のように言うことができます:

> I know the girl you met yesterday.

---

## 省略されているかを見抜くポイント

目的格の関係代名詞が省略されると、「先行詞 + (省略された関係代名詞) + 主語 + 動詞」の形になります。  
文中では一見、先行詞の直後に「主語＋動詞」があるように見えるのが特徴です。

### 例文

1. (関係代名詞あり)  
   - This is the book that I bought yesterday.  
     - 「that」は目的格なので、I (主語) + bought (動詞) に対する目的語  
2. (関係代名詞を省略)  
   - This is the book I bought yesterday.  
     - 「that」は省略されているが文意は変わらない

#### なぜ省略とわかるのか
- 先行詞 “the book” のあとに「I + bought」という“主語＋動詞”が直接続いているため、そこに本来 “that” が省略されているとわかります。

---

## 目的格を省略できない場合

通常は目的格の関係代名詞を省略できますが、以下のような状況の場合は省略しないほうが明確になります。

1. 前置詞が関係代名詞の直前にあるとき  
   - 例: The person to whom I spoke was very kind.  
     - この場合は前置詞 “to” の目的語として “whom” が必要であり、前置詞を文末に回した形にすれば省略が可能です。  
     - 例: The person (whom) I spoke to was very kind. → (whom) は省略可  
2. 意味が曖昧になる可能性があるとき

---

## まとめ

- 関係代名詞の「目的格」は文の目的語として働くもので、しばしば省略できます。  
- 「省略されているか」を見抜くには、先行詞のあとに「主語＋動詞」が続いていないかを確認するとよいです。  
- 前置詞が関係代名詞の直前に来る場合など、文の構造が複雑になるときは省略しづらい（あるいは不可）となることもあります。

目的格の省略ルールを理解しておくと、英語の読解・作文がスムーズになります。特に、英語の会話やカジュアルな文体ではよく省略されますので、見かけたら「これは目的格の関係代名詞が省略されているんだな」と判断してみてください。",The book I read last night was very interesting.,昨晩読んだ本はとても面白かった。,1,2023-08-20 23:44:45 +0900,2025-01-26 18:56:19 +0900
51,A1.2-A2.2,動詞+動詞-ing,後ろにingを取る動詞,"以下の解説では、「動詞 + 動詞-ing」のパターンに関するポイントを、なるべく詳しく整理しました。ぜひ参考にしてみてください。

---

## 1. 「動詞 + 動詞-ing」の役割
英語には、ある動詞の直後に「動詞-ing（動名詞・現在分詞形）」を取るパターンがあります。たとえば、以下の例です。

- enjoy + 動詞-ing: I enjoy playing basketball.
- finish + 動詞-ing: I finished writing the report.
- mind + 動詞-ing: Would you mind opening the window?

この「動詞 + 動詞-ing」の形は、一般的に「動名詞 (gerund)」と呼ばれ、名詞的な働きをするパターンと考えることができます。動名詞は、他の名詞と同様に、動詞の目的語として機能します。

---

## 2. 動詞ごとに決まる「-ing」か「to不定詞」か
英語では、動詞によって「-ing」を取るか「to不定詞」を取るかがほぼ決まっています。たとえば、
- 「enjoy」は必ず「enjoy + doing」の形  
- 「want」は必ず「want + to do」の形  

そのため、学習者は「この動詞のあとの形は何かな？」と辞書や文法書で確認する必要があります。また、「like」「start」「begin」のように、どちらでも使える動詞（一部意味が変化するものもあり）も存在します。

---

## 3. 「-ing」を取る代表的な動詞例
「動詞 + 動詞-ing」でよく使われる動詞をいくつか挙げます。

- enjoy: I enjoy reading books.  
  → 「～するのを楽しむ」

- finish: I finished cleaning my room.  
  → 「～し終わる」

- mind: Do you mind closing the door? / I don’t mind waiting.  
  → 「～するのを嫌がる」「～してもかまわない」

- avoid: He avoided answering my question.  
  → 「～するのを避ける」

- consider: She considered moving to another city.  
  → 「～することをよく考える」

- keep: Keep practicing English every day.  
  → 「～し続ける」

---
  
## 4. 「to不定詞」との違いに注意すべき動詞
一部の動詞は「-ing」と「to不定詞」の両方を取ることができますが、意味が変わる場合があります。代表例としては「stop」「remember」「try」などがあります。

- stop doing: 「～するのをやめる」  
  例) I stopped smoking. (タバコを吸うのをやめた)

- stop to do: 「～するために立ち止まる/中断する」  
  例) I stopped to smoke. (タバコを吸うために立ち止まった)

意味が変わる動詞があるので、こちらも辞書や文法書で確認してみてください。

---

## 5. 学習のポイント
1. まずは「-ing」を取る動詞、「to不定詞」を取る動詞、両方取れる動詞を一覧表などで整理する。  
2. それぞれの動詞の用例や、意味の違いを実際の文章で確かめる。  
3. 繰り返し例文を音読・暗唱して、自然に使い慣れていく。

---

## 6. まとめ
- 英語の動詞には、後ろに「動詞-ing（動名詞形）」を取るもの、「to不定詞」を取るものがあり、それは動詞ごとにほぼ決まっています。  
- どちらを使うかは辞書や文法書で確認しながら学習を進めましょう。  
- 「enjoy」「finish」「mind」などは必ず「-ing」を取り、特に日常会話でもよく使われますので、覚えておくと便利です。  
- 「stop」「try」など、どちらを使うかで意味が変わる動詞もあるため注意が必要です。

「動詞 + 動詞-ing」のルールをしっかり理解し、使いこなせるようになると、表現できる内容がぐっと広がります。いろいろな例文を覚えてみてくださいね。",They enjoyed singing songs.,彼らは歌を歌って楽しんだ。,1,2023-08-20 23:44:45 +0900,2025-01-26 18:56:22 +0900
50,A1.2-A2.2,動詞-ing,動詞にingを付けて動名詞か分詞に,"以下の文章は、「動詞に -ing を付けた場合、動名詞 (gerund) と現在分詞 (present participle) の2つの使い方がある」というポイントについて、もう少し詳しく・わかりやすくした解説例です。ぜひ参考にしてみてください。

---

## 動詞 + -ing の2つの使い方

英語の動詞は、語尾に **-ing** を付けることで、
1. 名詞の役割をする「動名詞 (gerund)」
2. 形容詞や動作の状態を表す「現在分詞 (present participle)」
の2つの形に変化します。見かけは同じ「動詞＋ -ing」ですが、文の中でどのように機能しているかによって「動名詞」か「現在分詞」かが決まります。

---

## 1. 動名詞 (Gerund)

### 動名詞とは？
- 「動名詞」は、動詞に **-ing** をつけて **名詞の働き** を持たせた形です。  
- 「～すること」と訳すことが多く、「主語」や「目的語」など、名詞が入る場所に置かれます。

### 動名詞の主な役割
1. 文の主語になる  
   例:  
   - Watching baseball is fun.  
     → 「野球を見ることは楽しい。」  
     (動名詞 “watching baseball” が文の主語)

2. 文の動詞の目的語になる  
   例:  
   - I enjoy playing tennis.  
     → 「私はテニスをすることを楽しみます。」  
     (enjoy の目的語として “playing tennis” が使われている)

3. 前置詞の目的語になる  
   例:  
   - I’m interested in learning English.  
     → 「私は英語を学ぶことに興味があります。」  
     (前置詞 in の目的語として “learning English” が使われている)

### よくある動名詞をとる動詞・表現
- enjoy, finish, avoid, practice, keep, mind, consider, suggest, recommend, look forward to など

---

## 2. 現在分詞 (Present Participle)

### 現在分詞とは？
- 「現在分詞」は、動詞に **-ing** をつけて **形容詞や動作の状態** を表す形です。  
- そのため「人や物の状態・様子」を修飾したり、進行形 (be + -ing) の一部として使われたりします。  
- 多くの場合、「～している」というニュアンスで訳すとわかりやすいです。

### 現在分詞の主な役割
1. 名詞を修飾する形容詞的用法  
   例:  
   - I saw a man cleaning the room.  
     → 「(私は)部屋を掃除している男性を見ました。」  
     (man に対して現在分詞 “cleaning the room” がどんな男性かを説明)

2. 進行形として使われる  
   例:  
   - I am studying now.  
     → 「私は今、勉強しています。」  
     (be動詞 + studying(現在分詞) で「～している最中だ」という進行形を表す)

3. 分詞構文として文を短くつなぐ  
   例:  
   - Walking down the street, I met my friend.  
     → 「通りを歩いていたら、友だちに会った。」  
     (「歩きながら(通りを歩きつつ)」という意味で、主節に付け加えて状況を説明)

### 注意ポイント
- 現在分詞は形容詞的・副詞的役割をすることが多いですが、「主語や目的語になれる」のは名詞の役割を持つ「動名詞」です。  
- どちらか見分けにくい場合は、「文の要素として主語や目的語になっているか (→ 動名詞)」「名詞や文全体を修飾しているか (→ 現在分詞)」で判断しましょう。

---

## 見分け方のまとめ

1. **名詞の場所にあるかどうか？**  
   - 動名詞 → 主語や目的語、前置詞の後ろなど (名詞の働き)
2. **名詞を修飾したり、進行形を作ったり、分詞構文になっているか？**  
   - 現在分詞 → 形容詞的・副詞的に名詞や文を修飾する

---

## 例文で再確認

1. **動名詞 (gerund) の例**  
   - “Playing soccer is fun.” → 「サッカーをすることは楽しい。」  
     (playing soccer が主語)  
   - “I like swimming.” → 「私は泳ぐのが好きです。」  
     (swimming が like の目的語)

2. **現在分詞 (present participle) の例**  
   - “Look at that sleeping cat.” → 「あの眠っている猫を見て。」  
     (cat を修飾する現在分詞 sleeping)  
   - “They are talking happily.” → 「彼らは楽しそうに話しています。」  
     (be動詞 + talking(現在分詞) で進行形)

---

上記のように **-ing** 形には2つの働きがあるため、文の中でどのように機能しているかを見極めることがとても大切です。まずは「動名詞は名詞扱い」「現在分詞は形容詞や副詞的に働く」と押さえておくと、英文が読みやすくなり、文法問題にも対処しやすくなります。",Watching TV is fun.,テレビを見ることはおもしろい。,1,2023-08-20 23:44:45 +0900,2025-01-26 18:56:23 +0900
83,A1.3-A2.2,間接話法(say/explain/report),話し手の視点に立って伝える話法,"以下では、直接話法と間接話法の違い、ならびに間接話法でよく使われる動詞や使い方のポイントを、より詳しく説明します。

---

## 1. 直接話法 (Direct Speech) とは？
- **相手が話した言葉を、引用符 (“ ”) の中にそのまま書く**方法です。  
  例:  
  - He said, “I am happy.”  
  - She asked, “Where are you going?”

### 特徴
1. **相手の言葉を一語一句そのまま**引用する。  
2. **引用符**を用いる。  
3. 時制や代名詞は**変化させない**（話している人が言ったまま）。

---

## 2. 間接話法 (Indirect Speech) とは？
- **話し手（報告者）の視点**に立って、元の発言の内容を言い直す方法です。  
- **that節**が用いられることが多いですが、省略される場合もあります（He said that... → He said...）。  

### 間接話法でよく使われる動詞
1. **say**  
   - 例: He said (that) he was happy.  
2. **tell**  
   - 例: She told me (that) she was busy.  
   - 「tell」は**目的語**を必要とすることが多い点に注意します（「誰に伝えたのか」が重要）。  
3. **explain**  
   - 例: They explained (that) the meeting had been canceled.  
   - 何かを「説明した」というニュアンスです。  
4. **report / claim / mention** など  
   - 例: He reported (that) the situation had improved.

---

## 3. 間接話法に変える際のポイント

### (1) 時制の一致 (Sequence of Tenses)
直接話法を間接話法に書き換えるとき、一般に**時制を一段階過去にずらす**(backshift)必要があります。  
- 現在形 → 過去形  
- 過去形 → 過去完了形  
- 現在完了形 → 過去完了形  
- 未来形 (“will”) → “would”  

例:  
- “I am happy.” → He said (that) he **was** happy.  
- “I went there yesterday.” → She said (that) she **had gone** there the day before.

### (2) 代名詞の変化
報告する人と内容に合わせて、**主語や目的語としての代名詞を変更**します。  
- “I will help you.” → She said (that) **she** would help **me**.

### (3) 時間・場所を表す語の変化
時間や場所を表す副詞などは、間接話法にするとき**文脈に応じ**て変化させます。たとえば:  
- “tomorrow” → “the next day” / “the following day”  
- “now” → “then”  
- “yesterday” → “the previous day” / “the day before”  
- “here” → “there”

---

## 4. 例文で確認

1. **直接話法 → 間接話法：時制、代名詞、時間表現の変化**  
   - 直接話法: He said, “I will finish this work tomorrow.”  
   - 間接話法: He said (that) he **would** finish this work **the next day**.

2. **say と tell の使い分け**  
   - say: 後に目的語（聞き手）を直接取らない → He said (to me) (that) ...  
   - tell: 後に目的語（聞き手）が来る → He told **me** (that) ...

3. **explain の用法**  
   - 直接話法: She said, “I’m going to explain the rules of the game.”  
   - 間接話法: She explained (that) she **was** going to explain the rules of the game.

---

## 5. まとめ
- **直接話法**は、引用符を使って相手の言葉を**そのまま**伝える。  
- **間接話法**は、話し手の視点から**内容を言い換えて**伝える。  
- 間接話法でよく使う動詞は、**say / tell / explain**などで、that節を伴うことが多い。  
- **人称・時制・時間表現**などを文脈に合わせて適切に変えるのが大切。

間接話法は、英語を読む・書く上で頻出する表現です。自分が発言を報告したり、他者の発言内容を説明したりする際に頻繁に用いられるので、しっかりと覚えておきましょう。",I said my name is Tom.,私は名前がトムだと言った。,1,2023-08-20 23:44:45 +0900,2025-01-26 18:59:25 +0900
94,A2.1,(a) little+名詞,「少ない」量を表す形容詞,"## (a) little + 名詞の使い方

英語で「少ない」を表す語には、**few** と **little** があります。これらはどんな名詞に使うかで区別が必要です。

1. **few**  
   - **可算名詞（数えられるもの）** に使われます。  
     例:  
     - few books（本がほとんどない）  
     - few friends（友達がほとんどいない）

2. **little**  
   - **不可算名詞（数えられないもの）** に使われます。  
     例:  
     - little water（水がほとんどない）  
     - little time（時間がほとんどない）

---

### little と a little の違い

- **little（単独）**  
  - 否定的な意味合いが強く、「(ほとんど) 〜ない」というニュアンスになります。  
  - 例:  
    - I have little money.  
      - お金がほとんどない（＝あまり使えるお金がない）。  
    - She has little patience.  
      - 彼女にはほとんど我慢できる余裕がない。

- **a little**  
  - 肯定的なニュアンスが含まれ、「少しの〜」「少しはある」という意味になります。  
  - 例:  
    - I have a little money.  
      - お金が少しある（＝少しは使えるお金がある）。  
    - She has a little patience.  
      - 彼女には少しくらい辛抱する気持ちがある。

---

### ポイントまとめ

1. **可算名詞には few、不可算名詞には little** を使う。  
2. **little** は否定的に「ほとんどない」、「十分ではない」という意味。  
3. **a little** は肯定的に「少しはある」、「少なからずある」という意味。  

使い分けを押さえることで、英語の表現力が高まり、意図したニュアンスを正確に伝えられます。",We have little snow here.,当地ではあまり雪は降りません。,1,2023-08-20 23:44:45 +0900,2025-01-26 19:00:13 +0900
99,A2.1,助動詞: have to,「～しなければならない」,"以下では「have to」の使い方をより詳しく解説します。

---

## 1. 意味：「～しなければならない」

「have to」は、特定の行為を「しなければならない（義務や必要性がある）」という意味を表す際に使われます。意味としては「must」に近いですが、話し手のニュアンスによって使い分けられることもあります。

> ・I have to study for the test.
> （私はテスト勉強をしなければならない。）

---

## 2. 構成：二語で一つの助動詞

- 「have to」は「have」と「to」の二語でありながら、まとめて一つの「助動詞的」な表現として扱います。  
- 後ろ（toの直後）には必ず動詞の原形を置きます。

> ・We have to leave now.  
> （私たちは今出発しなければならない。）

---

## 3. 三人称単数形に注意

一般的な助動詞（can, may, must など）は主語が三人称単数でも形が変化しませんが、「have to」の場合は厳密には “have” が動詞の扱いに近いため、三人称単数では “has to” に変化します。

> ・He has to work tonight.  
> （彼は今夜働かなくてはならない。）

---

## 4. 否定形・疑問形の作り方

「have to」が文中で実質的に動詞の役割をしているため、否定文・疑問文を作るときは「do」を用いる形が一般的です。

- 否定形  
  - 主語 + do not (don’t) + have to + 動詞の原形  
  - 主語が三人称単数の場合は、does not (doesn’t) + have to + 動詞の原形

  > ・I don’t have to go today.  
  > （私は今日行く必要はない。）  

  > ・He doesn’t have to study now.  
  > （彼は今勉強する必要はない。）

- 疑問形  
  - Do + 主語 + have to + 動詞の原形 ?  
  - 三人称単数の場合は Does + 主語 + have to + 動詞の原形 ?

  > ・Do you have to work tomorrow?  
  > （あなたは明日働かなければなりませんか？）

  > ・Does she have to be there?  
  > （彼女はそこにいなければなりませんか？）

---

## 5. 「must」との違い

- 「must」は「話し手自身の強い主張や義務感」を表すことが多いのに対し、  
- 「have to」は「社会的・外的な事情や規則による義務」を表すニュアンスが強いです。

ただし、日常会話ではあまり厳密に区別されず、「must」とほぼ同じ意味で「have to」が使われることも多々あります。

---

## 6. まとめ

1. 「have to」は「～しなければならない」という義務・必要性を示す表現。  
2. 「have + to」で一つの助動詞的表現として扱い、後ろには動詞の原形を置く。  
3. 三人称単数（he, she, it）の場合は「has to」となる。  
4. 否定や疑問を作るときは “do” や “does” を助ける形で用いる。  
5. 「must」とはニュアンスこそ異なるが、日常では同じ意味として使うことが多い。

これらをおさえておくと、「have to」の使い方をより正確に理解し、自然な英語表現に活かすことができます。",I have to sleep.,私は眠らなければなりません。,1,2023-08-20 23:44:45 +0900,2025-01-26 19:00:37 +0900
105,A2.1,使役構文(make/have/let),make/have/let＋人＋原形「～させる」,"以下では、使役動詞「make / have / let」の意味や使い方、ニュアンスの違いを、より詳しくわかりやすく説明します。

---

## 1. 使役構文とは

**使役構文**は、「（人）に～させる」という意味を表す表現です。英語では以下の形を基本パターンとします:

> make / have / let + 人 + 動詞の原形

「make」「have」「let」はいずれも「～させる」という意味を持ちますが、そのニュアンスや使い方が少しずつ異なります。

---

## 2. 動詞ごとのニュアンスと使い方

### (1) make + 人 + 動詞の原形

- **意味**: 「（強制的に）～させる」
- **ニュアンス**: ある程度強制力がある、相手の意思に関わらず何かをさせるようなイメージ
- **例文**:  
  - My teacher made me write the report again.  
    (先生は私にレポートを書き直させた。)  
    → 「書き直しを強制された」というニュアンスを含む

なお、makeの使役構文を受け身にする場合は「be made to + 動詞の原形」となり、「～するようにさせられる」となります。  
- 例: I was made to write the report again. (私はレポートを書き直させられた。)

### (2) have + 人 + 動詞の原形

- **意味**: 「（頼んで）～してもらう / （自分の代わりに）～してもらう」
- **ニュアンス**: 仕事や用事を誰かにやってもらうイメージが強い  
- **例文**:  
  - I had my brother fix my bike.  
    (私は弟に自転車を直してもらった。)  
    → 「弟に依頼して、自転車を修理してもらった」という穏やかなイメージ

「have + 人 + 動詞の原形」は、「相手の意思を尊重しつつ頼んで何かをしてもらう」という使い方になります。

### (3) let + 人 + 動詞の原形

- **意味**: 「（相手が望むことを）許可して～させる / 任せる」
- **ニュアンス**: 相手に自由にさせる感じ、もしくは自発的に行動させる感じ
- **例文**:  
  - My parents let me go out with my friends last night.  
    (両親は昨晩、私が友達と外出するのを許してくれた。)  
    → 「出かけたいと思っている私」に対して、両親が「いいよ」と許可したイメージ

---

## 3. 使役構文の形と注意点

### 基本形

1) make + 人 + 動詞の原形  
2) have + 人 + 動詞の原形  
3) let + 人 + 動詞の原形  

形自体はどれも同じですが、**動詞の原形**を用いる点に注意してください。なお、これらの使役動詞は、直接「人に行動を取らせる」のが主な目的なので、直後に「to 不定詞」は使わず「原形」を使います（ただし、「be made to～」は受け身形なので「to」が入ります）。

---

## 4. 例文まとめ

1. **make**  
   - My boss made me stay late at the office.  
     (上司は私を会社に遅くまで残らせた。)

2. **have**  
   - I had my coworker prepare the documents for the meeting.  
     (同僚にミーティングの資料を準備してもらった。)

3. **let**  
   - Let me help you with your assignment.  
     (宿題を手伝わせてください。)

---

## 5. まとめ

- **make**: 強制感が強い。「（無理やり）～させる」  
- **have**: やんわり頼んだり、仕事を任せたりするイメージ。「～してもらう」  
- **let**: 許可や容認のニュアンス。「（相手に自由に）～させる」  

これらを使うことで、相手に何か行動を取らせる状況をより的確に表現できます。シチュエーションに応じて正しい使役動詞を選ぶようにしましょう。",You make me happy.,きみは僕を幸せにする。,1,2023-08-20 23:44:45 +0900,2025-01-26 19:02:23 +0900
114,A2.1,Why not ...?,主語のない疑問文,"以下では、「Why not …?」という表現の使い方を、より詳しくわかりやすく解説します。

---

## 「Why not …?」とは
- 英語で「Why not …?」と聞いたら、「（相手に向かって）～してみたらどう？」など、提案のニュアンスを伝える表現です。  
- 日本語にすると「～してみたら？」や「～してはどうですか？」という感じになります。

---

## 文構造のポイント
1. **主語（you）の省略**  
   - 「Why not …?」の原型は、「Why do you not …?」とも考えられます。  
   - しかし日常では、提案や軽いアドバイスとして、主語「you」が省略される形（「Why not …?」）がよく使われます。  
   - そのため、「一般的な疑問文の語順（Why do you not + 動詞…？）」とは異なる形になり、*少し特殊な構造*をとっています。

2. **意味合いのニュアンス**  
   - 相手に動作を促す、提案する、アドバイスする場合などに用いられます。  
   - 「Why not …?」を直訳すると「なぜ…しないの？」にもなり得ますが、本来は「～すればいいのに」「～してみたら？」という柔らかい勧めや提案を表します。  
   - ですので、*相手を責めているわけではない*、あくまで提案しているということをポイントとして押さえておきましょう。

---

## 例文
- “Why not try a new restaurant this weekend?”  
  → 「今週末、新しいレストランに行ってみたらどう？」
- “Why not join us for the trip?”  
  → 「私たちの旅行に参加してみたらどう？」
- “Why not ask your teacher for advice?”  
  → 「先生に相談してみたら？」

---

## 「Why don’t you …?」との違い
- *「Why don’t you …?」* も同じように提案の意味を持ちますが、ここでは ""why"" と ""don't you"" が文として明示的に示されます。  
  例: “Why don’t you take a break?” → 「休憩したらどう？」  
- *「Why not …?」* はより省略的で、口語的にも軽い印象を与えます。

---

## よくある注意点
- 「Why not …?」は疑問文の一種ではありますが、**主語や助動詞が明示されない**ため、標準的な疑問文の形とは異なります。  
- また、*直訳しない方が自然な場合が多い* ので、「～したらどう？」など、柔らかい提案を伝える表現として理解しておくことが大切です。

---

以上が「Why not …?」の文法的なしくみと使い方です。英語の日常会話では相手を気軽に誘ったり、新しいアイデアを提案したりするときに頻繁に使われるので、ぜひ覚えておくと便利です。",Why not try it on?,着てみない？,1,2023-08-20 23:44:45 +0900,2025-01-26 19:03:13 +0900
115,A2.1,more+形容詞・副詞 than ...,「…より～だ」を表す比較級（特に形容詞が長い場合）,"以下では、英語の比較級表現「more + 形容詞・副詞 + than…」について詳しく解説します。また、単語の長さによって「形容詞 + -er than…」を使う場合との違いもあわせて説明します。

---

## 1. 「more + 形容詞・副詞 + than…」とは？

「AはBよりも〜だ」と比較をしたいときに使われるのが比較級です。特に、形容詞（あるいは副詞）が長め（通常2音節以上）の場合は、以下のように「more + 形容詞（副詞） + than…」を使います:

> This movie is more interesting than that one.  
> （この映画はあの映画より面白い。）

- ""interesting"" は3音節 in-ter-est-ing と長めなので、“more interesting than…” で表します。

---

## 2. 「形容詞（副詞）+ -er than…」との使い分け

一方、比較する形容詞または副詞が短め（通常1音節、多くは2音節以内）の場合は、「形容詞（副詞） + -er + than…」の形を用いて表現します。

> My father is taller than my mother.  
> （私の父は母より背が高い。）

- ""tall"" は1音節なので、taller than… を用います。

### ▼ 主な使い分けの目安

1. **短い形容詞（1～2音節）**  
   - big → bigger than…  
   - tall → taller than…  
   - happy（2音節だけど -y で終わる）→ happier than…

2. **長い形容詞（2音節以上が多い）**  
   - expensive → more expensive than…  
   - interesting → more interesting than…

> ただし、2音節の形容詞でも語尾が -y の場合（例: happy, easy, funny など）は -er 形を取ることが多いです。一方、2音節でも「more + 形容詞」を使う形容詞もあります。最終的には辞書や用例を参考にしながら覚えていくとよいでしょう。

---

## 3. 不規則変化の例

比較級をつくるときに、「more 〜 than…」でも「〜er than…」でもなく、まったく形が変わってしまう不規則形容詞や副詞もあります。代表的なものを押さえておくと便利です。

- good / well → better than…  
- bad → worse than…  
- far → farther / further than…

> 例: This cake is better than that one.  
>     （このケーキはあのケーキよりもおいしい。）

---

## 4. より自然に使い分けるポイント

1. **形容詞の長さに注目**  
   - 1音節（短い形容詞）は「〜er than」が基本。  
   - 2音節以上（長い形容詞）は「more + 形容詞 + than」が基本。  

2. **「-y」で終わる形容詞（2音節）**  
   - “happy” → “happier than”  
   - “pretty” → “prettier than”  
   （-yを -ier に変化させて使う。）

3. **例外や不規則変化は個別に暗記**  
   - good → better  
   - bad → worse  
   - far → farther / further  

4. **実際に例文を通して感覚をつかむ**  
   文法ルールだけでなく、英語の例文を多く読む・聞くことでより自然な使い分けが身につきます。

---

## まとめ

- 長めの形容詞・副詞は「more + 形容詞・副詞 + than…」を使う。  
  例: “This is more interesting than that.”  
- 短めの形容詞・副詞は「形容詞（副詞）+ -er + than…」を使う。  
  例: “He is taller than I am.”  
- 2音節以上の単語・語尾が-yで終わらない形容詞は “more + 形容詞 + than” を使うことが多い。  
- 不規則変化もあるので個別に覚える。

このように「more + 形容詞・副詞 + than…」と「形容詞（副詞） + -er + than…」を使い分けて、英語での比較表現をマスターしましょう。",This castle is more beautiful than that.,この城はあの城よりも美しい。,1,2023-08-20 23:44:45 +0900,2025-01-26 19:03:16 +0900
118,A2.1-A2.2,現在完了形,「have＋過去分詞」で3通りの用法,"# 現在完了形（Present Perfect Tense）の詳しい解説

英語の「現在完了形 (Present Perfect Tense)」は、「have + 過去分詞」の形で表される時制です。これは「現在」と「過去」の両方にかかわりを持ち、過去と現在を結びつける役割を担っています。以下では、現在完了形の3つの主要な用法と、それぞれどのように訳したり理解したりすればよいのかを詳しく解説します。

---

## 1. 継続 (ずっと ～している)

### 意味
- 「過去のある時点から今の瞬間まで、ある動作や状態がずっと続いている」という意味を表します。

### 例文
- I have lived in Tokyo for five years.  
  （私は5年間ずっと東京に住んでいます。）

### ポイント
- 「for + 期間」や「since + 過去の起点」と一緒に使うことが多く、継続期間を示します。  
  - for five years（5年間） / since 2018（2018年から）
- 「過去のある時点で始まったことが、今もなお続いている」と言いたいときに使います。

---

## 2. 経験 (～したことがある)

### 意味
- 「これまでの人生や過去のある時点までに、何らかの経験をしたことがある」という意味を表します。

### 例文
- I have visited Kyoto several times.  
  （私は何度か京都を訪れたことがあります。）

### ポイント
- 回数を表す表現（once, twice, three times など）や、ever, never などとともに用いられることが多いです。  
- 「いつ」という具体的な過去の時点を言及する場合（例：yesterday, last year など）は過去形を使うのが通常です。  
  - × I have visited Kyoto last year. → 〇 I visited Kyoto last year.

---

## 3. 完了・結果 (ちょうど～したところだ / もう～した)

### 意味
- 「ある動作が少し前に完了し、その結果が現在に及んでいる」という意味を表します。

### 例文
- I have just finished my homework.  
  （ちょうど宿題を終えたところです。）  
- I have already eaten lunch.  
  （もうお昼を食べてしまいました。）

### ポイント
- 時間を表す副詞（just, already, yet など）を伴うことが多いです。  
- 過去に起こった出来事が「今」にどのような影響を与えているかを強調します。

---

## 現在完了形と過去形の使い分け

1. 過去形 (Past Simple)  
   - 過去の具体的な時点で起こった出来事。  
   - たとえば「yesterday」「last week」「in 2020」などの過去を明確に示す語句とともに使われる。

2. 現在完了形 (Present Perfect)  
   - 過去の出来事を「今」に結びつけるのが特徴。  
   - 過去のある時点から「今までの継続」や「今にも影響を及ぼす結果」「いつでも起こりうる経験」を示す。

---

## まとめ

- 現在完了形は「have + 過去分詞」の形をとり、下記の3つの用法を中心に使われます。  
  1. 継続: ずっと～している  
  2. 経験: ～したことがある  
  3. 完了・結果: ちょうど～したところだ／もう～した  

- 各用法を見極めるためには、文脈や一緒に使われる副詞（for、since、just、already、yet など）に注目するとよいでしょう。  
- 現在完了形は過去と現在を結びつける時制だと覚えておきましょう。過去形と混同しないよう、「今」の状況へのつながりを意識して使うことが大切です。",I have lived here for a long time.,私は長い間ここに住んでいます。,1,2023-08-20 23:44:45 +0900,2025-01-26 19:03:30 +0900
113,A2.1,Why don't we ...?,相手を誘うときに使うフレーズ,"以下では、""Why don't we ~?"" の用法について、より詳しくわかりやすく解説します。

---

## ""Why don't we ~?"" の意味と使い方

""Why don't we ~?"" は相手をやんわりと誘うときに使われる表現です。「Let's ~」よりも控えめな印象を与えつつ、「一緒に～しない？」と提案しているニュアンスを伝えられます。英語圏では、友人やビジネスの場でも比較的カジュアルから丁寧まで幅広く使われる便利な表現です。

### ""Let's ~"" との違い

- ""Let's ~"": 「～しよう」という意志を強く示す表現
- ""Why don't we ~?"": 「～しませんか？」とやわらかく提案する表現

""Let's ~"" は提案というよりは「決定」に近く、断定的に「一緒にこうしよう！」という印象を与えます。一方で ""Why don't we ~?"" はあくまで「どうかな？」「どう思う？」と相手の意見や気持ちを尊重し、断る余地を残しているのが特徴です。

---

## 例文

1. Why don't we go to the movies tonight?  
   （今夜映画に行きませんか？）

2. Why don't we try that new café next time?  
   （今度あの新しいカフェに行ってみませんか？）

3. Why don't we ask Mr. Smith for help on this project?  
   （このプロジェクトについて、スミスさんに助けを求めてみませんか？）

これらの例文では、提案の形をとりつつも命令や強制ではなく、相手に「一緒にやってみようか？」と問いかける優しいニュアンスが含まれています。

---

## ポイントまとめ

1. ""Why don't we ~?"" は相手を柔らかく誘う表現。  
2. 「一緒に～するのはどう？」というニュアンスを持ち、「断る」「別の提案をする」など相手に選択肢を与える。  
3. ""Let's ~"" のように強制力はなく、自然な形で提案したいときに便利。  
4. カジュアルにもフォーマルにも使えるため、ビジネスシーンでも幅広く応用可能。  

---

このように、""Why don't we ~?"" を使えば、相手に負担をかけずに一緒に何かをしようと誘うことができます。控えめな提案としてぜひ会話に取り入れてみましょう。",[[Why don't we]] go home?,家に帰りましょうか。,1,2023-08-20 23:44:45 +0900,2025-01-26 19:03:14 +0900
131,A2.2,動詞+目的語+-ing,動名詞の前に置くのは意味上の主語,"以下の解説は、動詞「mind」の用法や「動詞+目的語+-ing」という形全般について、なるべく詳しく、わかりやすくしたものです。

---

## 1. 動詞の後ろに続く形：to 不定詞か -ing か

英語の動詞には、大きく分けて以下のパターンがあります。

1. 後ろに**to不定詞**を取りやすい動詞  
   例：want to 〜, decide to 〜, plan to 〜, hope to 〜など

2. 後ろに**-ing形**を取りやすい動詞  
   例：enjoy 〜ing, avoid 〜ing, finish 〜ing, mind 〜ing など

3. **両方**取れるが、意味やニュアンスが変わる動詞  
   例：remember to 〜 と remember 〜ing, stop to 〜 と stop 〜ing など

ここでは特に、動詞の後に **-ing形** を取る場合を中心に見ていきます。

---

## 2. 「mind + -ing」の基本的な意味と使い方

### 2-1. mind の意味

動詞 **mind** は、「気にする」「嫌がる」「気を付ける」といった意味を持ちます。

- 例文:  
  ・I don’t mind waiting.  
  　(待つのは気にしないよ / 嫌じゃないよ)  

- 使い方:  
  「Would you mind ～ing?」で「～していただけますか？」という丁寧なお願いを表します。  
  ・Would you mind opening the window?  
  　(窓を開けていただけますか？)

### 2-2. mind + 人(目的語) + -ing の形

- 「mind 人(目的格) ～ing」とすることで、「(その人)が～するのを嫌がる / 気にする」という意味を表します。
- 具体的には、mind の **目的語(人)** が「~ingする人」として働くイメージです。

#### 構造イメージ

(主語) + mind + (対象となる人) + (動作)ing

#### 例文

- I don’t mind you coming late.  
  (あなたが遅れて来るのを気にしないよ)

- He minded me using his phone without asking.  
  (彼は私が許可なく彼の携帯を使うのを嫌がった / 気にした)

上記のように、目的格 (me, you, him, her など) が「ingする人」のイメージ上の主語の役割を果たすのがポイントです。

---

## 3. 「動作主」としての人(目的語)

「mind + 人 + -ing」の形では、「人(目的語)が -ing する」というまとまりになります。これを「動作主が誰なのか」を明確にする機能と捉えると理解しやすいです。

- 例:  
  「I don’t mind him coming to the party.」  
  → 「彼がパーティーに来るのは気にしないよ」という意味。  
  → 「coming」の動作を行うのは “him” (彼) であると示している。

---

## 4. 他の「動詞+目的語+-ing」を取る例

mind 以外にも、後ろに「目的語 + -ing」を取る動詞がいくつかあります。たとえば：

- **avoid + 人(目的語) + -ing**  
  avoid は「(人が)～するのを避ける」という意味で使われることがあります。  
  例：He avoided me seeing his text messages.  
      (彼は私が彼のメッセージを見るのを避けた)

- **imagine + 人(目的語) + -ing**  
  imagine は「(人が)～するのを想像する」という意味になります。  
  例：I can’t imagine him living alone.  
      (彼が一人暮らしするのを想像できない)

これらも「誰が-ingするか」を明確に示している形です。

---

## まとめ

1. 英語の動詞には「to不定詞を取る」「-ing形を取る」「両方取れる」などのパターンがある。  
2. **mind** は後ろに **-ing形** を取る代表的な動詞で、「〜するのを気にする / 嫌がる」などの意味を表す。  
3. 「mind + 人 + -ing」とすると、「(その人)が〜するのを嫌がる / 気にする」という意味になり、目的語(人)が -ing の動作主を担う。  
4. 他の動詞（avoid, imagine など）も同様に「(人)が -ing する」という形を取るものがある。

このように、動詞と後ろに続く形（to不定詞か -ing か）は、英語学習において重要なポイントです。動詞ごとのパターンと、そのときの意味やニュアンスをしっかり押さえておくと、表現の幅が広がります。",Would you mind me smoking here?,ここで私がタバコをすうことを気にしますか。,1,2023-08-20 23:44:45 +0900,2025-01-26 19:05:27 +0900
136,A2.2,Should I ...?,相手に自分のことを確認する,"## 解説（修正後）

「Should I …?」は、「～するべきですか？」「～した方がいいですか？」という意味を表す疑問文です。何かをすべきかどうか、相手に助言を求めたり確認したりするときに使われます。

### 使い方

1. 「Should I …?」を用いる場合、その活動や行動を行う必要性についての判断を相手に委ねるニュアンスがあります。  
   - 例: “Should I call him back?”（彼に電話をかけ直した方がいいでしょうか？）

2. 相手の意見を確認・相談したいときや、一般的なルールやマナーについて質問するときに便利な表現です。  
   - 例: “Should I remove my shoes here?”（ここで靴を脱ぐべきですか？）

3. 「Should I …?」と尋ねられたときに、アドバイスや意見を伝える表現としては、  
   - “Yes, you should.”（はい、そうした方がいいです）  
   - “No, you shouldn’t.”（いいえ、そうしない方がいいです）  
   と答えるのが基本形です。もちろん、より詳しいアドバイス（“I think you should …”など）を添えて返答することも可能です。

### ポイント

- “Should” は「義務」「当然するべきこと」を表すこともあるため、自分だけでは判断できないときに「本当にそうするべきなのか？」という疑問を投げかけるときに使います。  
- “Could I …?” や “May I …?” との違いは、「～してもいいですか？」という許可を求めるかどうかです。 “Should I …?” は許可よりも「是非（すべきかどうか）」を尋ねる表現です。

### 例文

- “Should I go to the meeting early?”  
  - 先方が「早めに行った方がいい」と考えているかどうか確認する場合に使えます。  
- “Should I tell him the truth right now?”  
  - 相手の意見やアドバイスを求めるときの典型的な質問となります。  
- “Should I bring something to the party?”  
  - パーティに招待されたとき、何か持って行く必要があるかどうか相手に尋ねる表現です。  

このように「Should I …?」は、自分の行動について相手の力を借りながら方向性を決めたいときに使う、便利で丁寧な表現です。",Should I take the bus?,バスに乗った方がいいですか。,1,2023-08-20 23:44:45 +0900,2025-01-26 19:05:11 +0900
133,A2.2,Won't you ...?,「～してくれませんか」,"以下の解説は、もとの文章をより詳しく、わかりやすくしたものです。

---

## 「Won’t you … ?」の意味と使い方

「Won’t you … ?」は、直訳すると「あなたは…しないのですか？」という否定疑問文ですが、実際の会話では以下のような目的で使われることが多いです。

1. **依頼・提案としての「～してくれませんか？」**  
   「Won’t you … ?」は相手にお願いしたり、ライトな提案をしたりする際の表現としてよく使われます。  
   - 例：  
     - Won’t you join us for dinner?  
       → 「夕食にご一緒しませんか？」  
     - Won’t you give me a hand?  
       → 「手伝ってくれませんか？」

2. **やや控えめな響き**  
   「Won’t you … ?」は「Can you … ?」「Could you … ?」などよりも一段と丁寧に響く場合があり、「相手にとって不都合がなければ」というニュアンスが含まれます。

3. **直訳に近い用法：否定的な文脈**  
   文字どおり「あなたは…しようとしないのですか？」というニュアンスで使われる場合もありますが、会話の中では依頼や提案として使われることが多い点が特徴です。実際に下記のように文脈によっては、相手の意図・行動を問いただす含みを持ちます。  
   - 例：  
     - Won’t you talk to me anymore?  
       → 「もう私と話してくれないの？」（ネガティブな文脈）

---

### ポイントまとめ

- **依頼・招待・軽い提案をするときに便利**  
  「～しませんか？」のように、日本語の丁寧な依頼表現として使える。

- **丁寧で相手に配慮した言い方**  
  「Won’t you … ?」は、相手の都合や気持ちを敬いつつ提案するときにうまくはまる表現。

- **文脈によってはネガティブな疑問にもなる**  
  直訳の「あなたは～しないの？」という意味合いで使われることも稀にあるため、会話のシチュエーションや表情を見極めるのが大切。

「Won’t you … ?」は丁寧な依頼や提案をするうえでよく使われる表現なので、ぜひ覚えておくと会話に役立ちます。",Won't you go?,行ってくれませんか？,1,2023-08-20 23:44:45 +0900,2025-01-26 19:05:14 +0900
25,A1.1-A2.2,to+動詞の原形 (不定詞),to不定詞の後は、必ず原形で,"以下では、「to + 動詞の原形（不定詞）」がどのように使われるかを、なるべく詳しく解説します。

---

## 1. 不定詞（to + 動詞の原形）とは？
不定詞は、動詞の前に “to” を付けて「to + 動詞の原形」の形で用いられます。文中で名詞のように使われたり、形容詞的・副詞的に使われたりと、さまざまな役割を果たします。

---

## 2. 基本的な訳し方
不定詞の代表的な訳し方として、以下の3つがよく挙げられます。

1. 名詞的用法：「～すること」  
   例：To study English is important.  
   （英語を勉強することは大切だ）

2. 形容詞的用法：「～するための」  
   例：I have something to say.  
   （私には言うべきことがあります）  
   → 「something」に対して「言うための」と説明を加えている

3. 副詞的用法：「～するために」  
   例：I went to the library to study.  
   （勉強するために図書館へ行きました）  
   → 「行った理由・目的」を表す

---

## 3. 文中での位置と役割
### (1) 主語になる場合（名詞的用法）
不定詞が文の主語として使われるときは、文頭に置かれることが多いです。  
例：To travel abroad was her dream.  
（海外旅行をすることが彼女の夢でした）

ただし、不定詞を主語として使うと文頭が長くなるため、形式主語構文（It～ to不定詞）を用いることもよくあります。  
例：It was her dream to travel abroad.  
（海外旅行をすることが彼女の夢でした）

### (2) 目的語になる場合（名詞的用法）
主語だけでなく、「～すること」が動詞の目的語になることもあります。  
例：She decided to study harder.  
（彼女はもっと一生懸命勉強することを決めた）

ここでも、「decide」のあとに「～すること」という内容を補う働きをしています。

---

## 4. 不定詞が形容詞や副詞の役割をする場合
### (1) 形容詞的用法
名詞を詳しく説明するときに不定詞が使われます。  
例：I have a lot of homework to do.  
（やるべき宿題がたくさんある）  
→ 「a lot of homework」に対して「to do（やるべき）」と言うことで、どんな宿題なのかを説明している

### (2) 副詞的用法
目的・原因・結果などを説明するときに不定詞が使われます。
- 目的を表す場合  
  例：I worked hard to save money.  
  （お金を貯めるために熱心に働いた）
- 感情の原因を表す場合  
  例：I was surprised to hear the news.  
  （その知らせを聞いて驚いた）
- 結果を表す場合  
  例：He grew up to be a great artist.  
  （彼は成長してすばらしい芸術家になった）

副詞的用法は文全体に「どうしてその行為をしたのか」「結果的にどうなったのか」という意味を付け加える点が特徴です。

---

## 5. まとめ
- 不定詞（to + 動詞の原形）は、名詞の役割（～すること）、形容詞の役割（～するための）、副詞の役割（～するために）を担うことができます。  
- 文の主語や目的語にもなり、英語の文を構成する上で非常に重要な要素です。  
- 形容詞的用法なら名詞を修飾し、副詞的用法なら目的や理由、結果などを表す際に使われます。

これらを押さえておくと、不定詞が出るたびに「どんな働きをしているのかな？」と考えながら読み書きできるようになり、英文の理解が深まります。",I need to get home before it gets dark.,暗くなる前に家に帰らないと。,1,2023-08-20 23:44:45 +0900,2025-01-26 18:53:24 +0900
84,A1.3-A2.2,間接疑問(decide/explain/know/learn/see/understand/wonder),疑問文でも「主語＋動詞」の順番になる,"以下では、「間接疑問文（indirect question）」について、より詳しくわかりやすく解説します。

---

## 1. 間接疑問文とは？

**間接疑問文**とは、もともとの疑問文（直接疑問）を文章の一部として取り込み、全体で一つの文を形成したものを指します。  
例えば、英語の直接疑問文 “What time is it now?” は、次のように文の一部として組み込むことで間接疑問文になります。  

> Do you know **what time it is now**?

上の例では、  
- Do you know ～ ?（あなたは～を知っていますか？）  
- what time it is now（今何時なのか）  

この “what time it is now” の部分を「間接疑問」の名詞節（目的語）として使っています。

---

## 2. 間接疑問文の特徴

1. **名詞節として機能する**  
   間接疑問は、しばしば動詞の目的語として扱われます。上記の例のように “know (what time it is now)” の構造になり、「何時なのかを知っていますか？」という意味を表します。

2. **主語と動詞の語順**  
   間接疑問の節（名詞節）の中では、通常 **「主語 + 動詞」** の語順になります。直接疑問文のように **「助動詞 + 主語 + 動詞」** にはなりません。  
   たとえば、  
   - 直接疑問: “What time is it now?” → (助動詞 “is” + 主語 “it” + now?)  
   - 間接疑問: “I wonder what time **it is** now.” → (主語 “it” + 動詞 “is”)  

3. **疑問詞の種類**  
   間接疑問で使われる疑問詞は “what,” “who,” “when,” “where,” “why,” “how,” “which” など様々です。  
   また、**Yes/No**で答えられる疑問文の場合は “if” または “whether” を使って間接疑問にします。たとえば、  
   - 直接疑問: “Are you hungry?”  
   - 間接疑問: “I wonder **if/whether** you are hungry.”  

---

## 3. 動詞の例と使い方

間接疑問を目的語としてよく取る動詞には、以下のようなものがあります。

- **decide**「決める」  
  - 例: I can’t decide **where we should go** this weekend.  
  - （今週末どこへ行くべきか決められない。）  

- **explain**「説明する」  
  - 例: Can you explain **how this machine works**?  
  - （この機械がどのように動くのか説明してくれますか？）  

- **know**「知っている」  
  - 例: Do you know **what time it is now**?  
  - （今何時かわかりますか？）  

- **learn**「学ぶ/知るようになる」  
  - 例: I learned **why he changed his job**.  
  - （彼がなぜ仕事を変えたのかを私は知った。）  

- **see**「わかる/見る」  
  - 例: Let me see **what the problem is**.  
  - （何が問題なのか見てみましょう。）  

- **understand**「理解する」  
  - 例: I don’t understand **why she’s so upset**.  
  - （彼女がなぜそんなに動揺しているのか理解できない。）  

- **wonder**「～かなと思う」  
  - 例: I wonder **what she is doing now**.  
  - （彼女が今何をしているのかなと思う。）  

上記のように、「（誰が・何を・どこで・いつ・なぜ・どのように）…なのか」という疑問を、主節の動詞に対する **目的語の名詞節** として用いるのが特徴です。

---

## 4. 語順への注意点

下記のように、**間接疑問文における語順**は、直接疑問文と異なる点に注意してください。

1. 直接疑問文（What time is it?）  
   - 疑問詞 + 助動詞/Be動詞 + 主語 + 動詞（～）?  

2. 間接疑問文（I wonder what time it is.）  
   - 主節 + 疑問詞 + 主語 + 動詞（～）  

繰り返しになりますが、間接疑問文の節の中では **「主語 + 動詞」** の順序が基本です。

---

## 5. まとめ

- 間接疑問文は、もともとの疑問文を名詞節として文に組み込んだ形。  
- 主語 + 動詞の順番になる点が直接疑問文との大きな違い。  
- “decide,” “explain,” “know,” “learn,” “see,” “understand,” “wonder” など、多くの動詞の目的語として名詞節（間接疑問節）を使う。  
- Yes/No で答えられる場合は “if” または “whether” を用いる。

このように間接疑問文を正しく使えば、英語の表現がより自然かつ豊かになります。ぜひ活用してみてください！",I wonder who she is.,彼女は誰かしら。,1,2023-08-20 23:44:45 +0900,2025-01-26 18:59:23 +0900
101,A2.1,形式主語it+to不定詞,to不定詞以下が真主語の「形式主語構文」,"以下では「形式主語 it + to 不定詞」の構文について、元の説明をさらに詳しく、わかりやすく整理したものを示します。

---

## 1. 形式主語構文とは？
英語には、本来「主語」として使われる部分を文末に回し、かわりに「It」を文の先頭に置く表現があります。これを「形式主語構文 (formal subject construction)」と呼びます。ここで使われる「It」は、普通に訳す「それ」という意味ではなく、後ろに登場する「to 不定詞（〜すること）」などの“真の主語”の代わりをしています。

たとえば、
- It is important to learn how to use the computer.  
  （パソコンの使い方を習うことは重要です。）

この文では「to learn how to use the computer（パソコンの使い方を習うこと）」が本来の主語です。しかし、長い不定詞を冒頭に置くとかえって読みにくいので、英語では文頭に「It」を置いて、主語の役割を果たさせています。

---

## 2. 具体例：なぜ「It」を使うのか？
もし「It」なしで書く場合は、
> To learn how to use the computer is important.
のようになります。  
これは文法的には誤りではありませんが、冒頭から長い不定詞句を置くと、文がやや重たい印象になります。そこで英語のネイティブスピーカーは、最初に「It is 〜」と書き始め、主語をあとに回すことで読みやすさを保っているのです。

---

## 3. 形式主語構文のよくあるパターン
形式主語構文では、以下のようなパターンがよく使われます。

1. It + be動詞 + 形容詞 + to 不定詞  
   例: It is necessary to prepare well in advance.  
       （事前によく準備することが必要です。）

2. It + be動詞 + 名詞 + to 不定詞  
   例: It is our duty to help those in need.  
       （困っている人を助けることは私たちの義務です。）

形容詞や名詞の部分が、to 不定詞（〜すること）に対する評価や特徴を表しています。

---

## 4. 「It」は「それ」と訳さない
英語学習者が間違えやすい点の一つは、「It」を「それ」と誤訳してしまうことです。しかし、形式主語構文の「It」は「不定詞（〜すること）」をまとめて受ける“仮の主語”にすぎないため、基本的には「それ」とは訳しません。

### 例文
- It is fun to watch movies on weekends.  
  （週末に映画を見るのは楽しいです。）  
  → 「それは楽しいです、週末に映画を見ることは」では不自然なので、「週末に映画を見ることは楽しい」と訳すのが自然です。

---

## 5. 応用：It is 形容詞 for 人 to 不定詞
形式主語構文では、間に「for + 人」が挿入されることもあります。これは「その人にとって…することは〜だ」という意味を表します。

- It is difficult for children to sit still for a long time.  
  （子どもたちにとって、長時間じっと座っているのは難しい。）

このように、「for 人」を入れることで、“誰にとって”その行為が形容詞なのかを補足することができます。

---

## 6. まとめ
- 英語には「It」を文頭に置き、本来主語となる「to 不定詞」「that節」などを文中・文末に回す表現がある。  
- この構文を「形式主語構文」といい、文頭にある「It」を「仮主語」、実際の主語となる部分を「真の主語」と呼ぶ。  
- 文が長くなって主語部分が重くなるのを避けたり、流れをスムーズにしたりするために使われる。  
- 「It」は「それ」とは訳さず、「〜すること」として訳す点に注意する。  

形式主語構文は英語の文章を読みやすく、書きやすくするためによく用いられます。英作文やリーディングで登場した際には、「to 不定詞」や「that節」が実際の主語なのだということを念頭に置くと理解しやすくなるでしょう。",It is important to keep to the schedule.,スケジュールに従うことが重要です。,1,2023-08-20 23:44:45 +0900,2025-01-26 19:02:17 +0900
116,A2.1,most+形容詞・副詞,「最も～だ」を表す最上級の形（特に形容詞が長い場合）,"以下の解説は、**「most + 形容詞・副詞」**を用いて「最も～だ」という意味を表すときのポイントを、より詳しく説明したものです。マークダウン形式でまとめていますので、参考にしてください。

---

## 1. 「the most + 形容詞・副詞」を使う場合

### ◇ 基本の形
- **最も～だ** と言いたいときは、通常、**the most + 形容詞/副詞** を用います。  
  例：  
  - This is **the most interesting** movie that I have ever seen.  
    （これは、私が今まで見た中で一番面白い映画です。）  
  - She speaks **the most fluently** in our English class.  
    （彼女は私たちの英語の授業の中で一番流暢に話します。）

### ◇ 「the most」を使う形容詞・副詞
- 音節（発音のまとまり）が**2音節以上の形容詞・副詞**が多いときは、**the most + 形容詞/副詞** を使うのが一般的です。  
  例：  
  - interesting（4音節） → the most interesting  
  - beautiful（3音節） → the most beautiful  
  - carefully（3音節/副詞） → the most carefully

---

## 2. 「the + 形容詞 + est」を使う場合

### ◇ 短い形容詞の最高級
- 音節が**1つ**の短い形容詞や、一部の**2音節**形容詞（例：happy, funny など）には、**the + 形容詞 + est** の形を使います。  
  例：  
  - My father is **the tallest** in my family.  
    （私の父は家族の中で一番背が高い。）  
  - She is **the happiest** person I know.  
    （彼女は私が知る中で一番幸せそうな人です。）

### ◇ スペリングの変化に注意
- **語尾が -y で終わる形容詞**の場合、y を i に変えて **-est** をつけます。  
  例：happy → happiest, easy → easiest  
- 語尾が**子音 + 母音 + 子音**の形で終わる場合、最後の子音を重ねてから **-est** をつけます。  
  例：big → biggest, hot → hottest

---

## 3. 不規則変化に要注意

- 一部の形容詞・副詞は不規則に変化します。  
  例：  
  - good → better → **the best**  
  - bad → worse → **the worst**  
  - far → farther/further → **the farthest/the furthest**

---

## 4. 副詞の場合の例

- **短い副詞**（fast, hard, late など）は **the + 副詞 + -est** を使います。  
  例：  
  - He runs **the fastest** in his class.  
    （彼はクラスの中で一番速く走ります。）  
- **-ly で終わる副詞**は **the most + 副詞** を使います。  
  例：  
  - She answered **the most politely** of all the students.  
    （彼女は生徒の中で一番礼儀正しく答えました。）

---

## 5. 「the」が省略される場合

- 最高級を表すときは原則 **the** をつけますが、文章によっては **所有格や代名詞**（my, his, her など）が前にくるため省略されることがあります。  
  例：  
  - My mother’s cooking is **most delicious**.  
    （私の母の料理は最高においしいです。）  
- ただし、一般的には **the most + 形容詞** という形が頻繁に使われるので、まずは **the** を一緒に使うことを覚えると良いでしょう。

---

## まとめ

- **長めの形容詞・副詞**（2音節以上が多い場合） → **the most + 形容詞/副詞**  
  - 例：the most interesting, the most beautiful, the most carefully  
- **短い形容詞・副詞**（1音節、あるいは一部の2音節形容詞など） → **the + 形容詞/副詞 + -est**  
  - 例：the tallest, the happiest, the fastest  

これらのルールを押さえておくと、英語で「最も～だ」と言いたい場合に役立ちます。さらに、不規則な形容詞・副詞（good, bad, far など）の変化形もよく使われるので、あわせて覚えておきましょう。",This is the most delicious apple.,このリンゴがいちばんおいしい。,1,2023-08-20 23:44:45 +0900,2025-01-26 19:03:27 +0900
132,A2.2,助動詞: need (to),肯定文では、動詞のneedを使って「need to ~」,"## 助動詞「need」と動詞「need」の使い分け

英語には、**助動詞としての「need」**と、**一般動詞としての「need」**があります。どちらも「～する必要がある／～の必要がある」という意味を表しますが、使い方や文の形が異なるため注意が必要です。

---

### 1. 一般動詞「need」(need to 〜)

#### ■ 形・使い方

- 一般動詞なので、主語に応じて三単現の -s をつけたり、過去形にしたりできます。  
  例:  
  - He needs to leave now. (彼は今出発する必要がある。)  
  - We needed to prepare everything in advance. (私たちはあらかじめ準備する必要があった。)
- 「目的語 + to 不定詞」の形をとって「～する必要がある」という意味を表すことが多いです。  
  例:  
  - I need to study English every day. (私は毎日英語を勉強する必要がある。)
  - They need to buy groceries tomorrow. (彼らは明日食料品を買う必要がある。)

#### ■ 肯定文での一般的な用法

肯定文で「～する必要がある」と言いたいときは、ふつうこちらの一般動詞「need」を使います。  
- (〇) I need to leave home now.  
- (×) I need leave home now. (助動詞としてのneedは肯定文ではほぼ使わない)

---

### 2. 助動詞「need」

#### ■ 形・使い方

- 助動詞は主語が何であっても形は変わりません。三人称単数 (he, she, it) でも **-s を付けない** ので注意してください。  
  例:  
  - He need not leave. (彼は出発する必要がない。)  
  - She need not worry. (彼女は心配する必要がない。)
- 助動詞のため、後ろには **動詞の原形** が続きます。  
  例:  
  - He need not leave home now.  
  - We need not hurry.

#### ■ 主な使われ方: 否定文・疑問文

助動詞の「need」は、**否定文や疑問文**でよく使われます。肯定文での使用は現代英語では非常にまれです。

- 否定文:  
  + 形としては「need not + 動詞の原形」で表現します。  
    例: He need not leave home now. (彼は今家を出る必要がない。)  
  + 「needn’t」と省略形を使うこともある。  
    例: He needn’t leave home now.

- 疑問文:  
  + 「Need + 主語 + 動詞の原形...?」の形で疑問を作ります。  
    例: Need he leave so soon? (彼はそんなに早く出発する必要があるの?)

#### ■ 注意点

- 助動詞としての「need」は主語に応じて変化しない。  
  (三単現の -s を付けない)
- 否定文にするときは、ほかの助動詞同様 **not** を入れればよい。  
  (need not / needn’t の形)

---

### 3. まとめ

1. **肯定文で「～する必要がある」と言う場合:**  
   → 一般動詞の「need」を使って、  
     ""I (主語) + need(s) + to + 動詞の原形""  
   の形にする。  
   例: I need to leave home now.

2. **否定文・疑問文などで「～する必要がない／ありますか？」と言う場合:**  
   → 助動詞の「need」を使って、  
     ""He need not + 動詞の原形."" / ""Need he + 動詞の原形...?""  
   の形にする。  
   例: He need not leave home now.

3. **助動詞の「need」**は肯定文ではほとんど使われないため、ふつうは一般動詞の形で表現します。ただし、**否定文や疑問文では助動詞「need」**も使えると覚えておきましょう。

以上を踏まえて、助動詞「need」と動詞「need」の使い分けにぜひ注意してみてください。英語学習で目にする機会は少ないかもしれませんが、理解しておくと英語の表現がより豊かになります。",Do I need to reconfirm?,予約の再確認がまた必要ですか。,1,2023-08-20 23:44:45 +0900,2025-01-26 19:05:24 +0900
